"medIncome","householdsize","PctUnemployed","TotalPctDiv","agePct12t29","label"
17852,2.62,8.39,12.97,34.55,"1"
24763,2.54,7.19,13.53,28.57,"1"
25479,2.89,10.16,16.57,28.82,"1"
20043,2.54,6.93,11.95,36.83,"1"
19143,2.74,11.05,12.74,28.17,"1"
35048,2.6,4.99,12.77,32.78,"1"
29823,2.6,8.98,11.77,27.46,"1"
29043,3.34,3.5,9.33,37.22,"1"
34934,2.63,5.39,11.99,23.09,"1"
28108,2.7,7.07,16.22,30.92,"1"
23258,2.6,6.5,12.15,25.62,"1"
22052,2.86,8.34,14.22,28.79,"1"
14874,2.8,13.93,11.08,26.03,"1"
18395,3.84,11.24,8.73,33.12,"1"
34372,2.67,5.13,11.89,26.48,"1"
18499,2.6,7.91,14.13,26.09,"1"
51594,4.17,5.1,9.94,30.74,"1"
18060,2.95,12.45,13.52,28.12,"1"
21688,2.49,8.67,12.63,25.31,"1"
26125,2.82,7.06,11,25.39,"1"
22446,2.36,5.68,13.39,22.94,"1"
53419,2.09,1.84,16.9,20.23,"1"
54348,2.2,3.8,12.23,22.12,"1"
24819,2.54,9.92,13.62,28.65,"1"
24603,2.63,9.62,12.53,28.02,"1"
23726,2.63,5.97,11.25,29.84,"1"
19433,2.49,7.46,12.75,26.78,"1"
35934,2.83,4.74,13.21,28.92,"1"
19923,2.36,7.11,14.23,32.25,"1"
20569,2.46,8.52,11.36,25.65,"1"
18357,2.49,9.5,13.15,25.38,"1"
21748,2.49,8.12,14.15,31.47,"1"
19157,2.62,8.51,10.51,25.11,"1"
37683,2.76,7.31,12.32,27.85,"1"
33411,2.47,7.22,10.93,21.74,"1"
25592,2.34,6.16,16.07,25.57,"1"
47204,2.53,3.95,11.64,25.37,"1"
42962,2.59,3.82,13.43,27.2,"1"
25811,2.66,9.25,12.44,34.55,"1"
18095,2.66,8.37,14.97,27.88,"1"
19063,2.67,9.13,10.44,29.26,"1"
37073,2.75,4.78,12.03,27.56,"1"
24292,3.29,11.09,12.74,30.79,"1"
30141,2.11,4.77,19.11,30.87,"1"
32877,2.45,3.62,12.39,28.11,"1"
23453,2.47,5.56,11.51,42.67,"1"
31671,2.8,7.85,13.1,26.89,"1"
21407,2.59,8.74,14.39,28.26,"1"
21238,2.67,8.15,12.16,27.12,"1"
30925,2.86,8.34,12.26,31.22,"1"
33969,2.76,7.53,8.63,28.54,"1"
28655,3.66,4.37,10.62,40.78,"1"
22059,2.67,4.91,8.97,45.3,"1"
20711,2.53,10.38,13.43,24.58,"1"
22192,2.36,8.12,15.82,26.71,"1"
21221,3.29,5.4,10.37,33.31,"1"
23269,2.25,8.89,16.77,20.98,"1"
25655,2.81,10.87,14.53,29.54,"1"
28289,3.28,8.85,8.74,49.87,"1"
19397,2.86,8.38,11.92,26.81,"1"
29206,3.37,10.6,14.87,33.41,"1"
20864,2.88,12.4,14.44,29.11,"1"
20745,2.44,7.56,11.41,26.55,"1"
22772,2.44,6.54,16.66,27.51,"1"
27489,2.5,7.43,15.58,31.03,"1"
24814,2.49,6.64,15.61,19.57,"1"
42971,2.4,4.13,14.22,24.22,"1"
22112,2.5,8.63,14.07,28.24,"1"
17826,2.89,10.69,7.37,46.46,"1"
32165,2.67,9.43,16.07,26.57,"1"
15917,2.72,10.89,13.35,27.15,"1"
64338,3.17,3.64,6.55,33.08,"1"
19474,2.57,9.88,16.23,26.6,"1"
38532,3.04,7,12.46,29.12,"1"
31938,2.7,6.54,13.78,31.13,"1"
19829,2.41,8.57,14.2,24.32,"1"
21864,2.81,7.67,12.97,33.9,"1"
25741,2.49,7.06,15.53,27.17,"1"
21946,2.88,9.97,11.21,27.52,"1"
18962,3.11,9.97,10.33,27.12,"1"
22610,2.59,7.4,14.75,35.51,"1"
22032,3.41,14.95,8.21,29.5,"1"
16600,2.28,12.8,17.75,18.64,"1"
34850,2.67,7.41,11.96,26.3,"1"
14509,3.11,14.52,11.04,37.21,"1"
18743,2.52,8.5,13.34,25.52,"1"
28824,2.28,5.26,10.86,20.12,"1"
22224,2.94,11.79,13.73,30.82,"1"
35911,2.55,6.69,9.33,23.9,"1"
25982,2.68,6.32,15.97,28.34,"1"
43882,3.53,7.17,10.68,29.52,"1"
36843,2.64,4.66,13.64,26.77,"1"
26680,2.43,5.91,13.48,24.46,"1"
21372,2.39,5.11,14.15,24.44,"1"
36222,2.46,4.7,15.92,27.17,"1"
18519,2.39,7.44,14.84,25.72,"1"
51913,2.25,3.38,15.62,29.76,"1"
20213,2.35,7.76,14.22,22.27,"1"
28388,2.34,5.5,18.67,28.35,"1"
33273,4.1,9.23,10.37,35.04,"1"
32857,3.26,10.99,10.16,30.76,"1"
30534,2.52,5.96,12.17,33.02,"1"
26615,2.84,6.92,11.65,34.13,"1"
23491,2.59,11,16.73,28.92,"1"
28024,2.47,5.8,13.58,27.54,"1"
28611,3.19,9.73,10.96,30.84,"1"
22697,2.4,5.58,13.83,29.8,"1"
18593,2.84,10.62,13.56,30.69,"1"
16331,2.66,10.58,14.46,25.8,"1"
21468,2.48,9.11,12.99,24.38,"1"
24127,2.26,6.84,13.21,25.86,"1"
17658,2.48,13.05,15.49,25.87,"1"
25268,2.71,5.34,13.4,25.82,"1"
42186,3.4,7.31,10.17,28.36,"1"
29450,2.55,6.56,12.5,24.39,"1"
23963,2.42,5.67,13.85,30.22,"1"
25075,2.64,6.29,12.29,25.85,"1"
20329,2.43,10.31,17.1,27.42,"1"
18482,2.4,11.58,12.96,29.24,"1"
21885,2.8,10.85,14.81,30.27,"1"
24884,2.23,4.69,16.51,22.78,"1"
25790,2.59,4.87,13.75,26.08,"1"
29463,2.9,6.83,12.33,26.95,"1"
31146,2.21,7.2,11.22,18.34,"1"
19970,2.97,8.74,11.83,29.57,"1"
24869,2.59,4.1,12.47,32.97,"1"
30967,2.63,6.89,15.38,33.47,"1"
22102,2.65,7.77,14.93,29.08,"1"
22661,2.64,6.63,9.47,44.56,"1"
28121,2.38,2.86,15.89,26.43,"1"
20810,2.69,8.24,12.61,24.11,"1"
28183,2.56,7.6,15.82,27.55,"1"
24462,2.38,6.59,13.44,24.59,"1"
27301,2.58,9.74,14.8,28.12,"1"
27279,3.85,10.81,9.33,34.74,"1"
26547,2.66,7.43,15.02,30.16,"1"
34492,2.9,5.46,9.74,24.75,"1"
35794,2.82,4.79,12.42,26.33,"1"
14555,2.56,10.72,13.67,26.77,"1"
32493,2.87,5.36,9.48,26.96,"1"
21352,2.61,9.38,13.58,26.71,"1"
22783,2.47,5.39,10.87,24.34,"1"
14579,2.58,11.85,15.99,26.23,"1"
36383,3.52,6.62,9.25,29.95,"1"
26500,2.38,3.45,12.64,25.01,"1"
31561,3.04,8.66,14.59,29.79,"1"
32793,2.5,5.13,13.61,28.02,"1"
24131,2.5,7.82,13,26.16,"1"
26233,2.1,4.98,13.55,18.79,"1"
36233,3.31,8.12,12.01,28.59,"1"
25910,2.61,5.3,13.37,26.84,"1"
30529,2.75,9.91,13.37,29.55,"1"
34873,2.22,6.16,10.12,37.46,"1"
20858,3.17,9.65,9.72,29.2,"1"
37025,2.34,3.2,12.09,28.88,"1"
23886,2.68,6.81,9.49,33.35,"1"
22276,2.49,6.92,11.96,25.4,"1"
30739,2.73,6.45,13.64,26.13,"1"
33414,2.37,6.2,11.9,26.71,"1"
38907,2.78,5.35,13.54,28.69,"1"
33313,3.33,8.61,12.04,29.07,"1"
35997,1.94,4.81,16.26,21.72,"1"
30287,2.68,5.84,11.27,26.35,"1"
22032,2.58,8.85,12.17,28.31,"1"
25698,2.75,6.6,11.15,33.21,"1"
22100,2.54,9.86,10.93,31.87,"1"
16442,2.31,10.56,13.57,22.58,"1"
26372,2.91,11.85,16.17,30.19,"1"
25106,2.22,6.77,16.61,25.92,"1"
38122,2.63,3.53,13.3,29.22,"1"
25918,2.77,7.25,12.71,30.2,"1"
22210,2.62,6.47,14.52,32.09,"1"
21225,2.63,10.56,13.29,27.58,"1"
27154,2.79,5.82,5.98,28.18,"1"
21881,2.55,8.28,13.57,27.53,"1"
25976,3.42,9.83,11.59,33.32,"1"
34891,2.56,3.17,13.27,30.3,"1"
27469,2.66,5.93,12.83,31.25,"1"
22514,2.77,10.81,12.51,22.42,"1"
24649,3.04,10.21,11.77,26.83,"1"
16496,2.72,12.39,12.88,30.85,"1"
19456,2.73,9.68,14.39,26.34,"1"
31368,2.91,6.05,10.17,30.72,"1"
23933,2.47,6.96,15.36,25.89,"1"
35516,2.36,5.37,15.58,27.72,"1"
18049,2.45,6.47,12.65,25.16,"1"
23835,2.46,5.61,13.61,26.3,"1"
29180,2.51,8.32,10.24,35.85,"1"
18393,2.89,6.83,7.36,58.57,"1"
18870,2.62,9,13.71,27.54,"1"
22194,2.54,8.29,18.77,35.05,"1"
27631,2.81,9.91,11.56,28.63,"1"
25341,2.97,6.29,10.59,37.04,"1"
26960,3.21,11.04,12.67,31.29,"1"
31308,2.79,4.07,12,34.44,"1"
35558,3.32,7.37,11.77,31.12,"1"
20393,3.27,14.88,10.56,30.17,"1"
19038,2.74,8.71,14.42,27.81,"1"
38956,2.26,3.76,13.27,38.38,"1"
33367,2.96,8.43,13.28,31.95,"1"
21898,2.63,9.35,12.37,32.79,"1"
21645,2.65,6.1,13.52,26.26,"1"
18617,2.65,9.85,12.82,29.43,"1"
24128,3.42,15.46,7.91,32.3,"1"
15708,2.24,6.68,15.04,20.87,"1"
17876,3.56,8.13,15.85,45.9,"1"
22807,2.84,7.58,11.91,27.22,"1"
29881,3.04,10,15.42,32.09,"1"
18253,2.53,8.17,14.46,24.79,"1"
25708,2.36,6.09,15.18,27.1,"1"
30786,2.46,7.59,9.73,28.31,"1"
30043,2.62,5.96,14.28,26.55,"1"
37889,2.72,8.27,10.59,25.71,"1"
40059,2.76,6.65,7.42,25.62,"1"
32132,3.61,9.08,11.11,32.83,"1"
21870,2.76,6.51,13.03,26.56,"1"
19799,2.05,4.87,9.6,53.03,"1"
26889,2.42,5.26,14.4,27.86,"1"
20349,2.6,6.6,14.53,24.79,"1"
19042,2.27,8.53,16.79,25.56,"1"
26622,3.09,5.77,12.6,27.32,"1"
20641,2.38,10.83,12.33,24.51,"1"
29211,2.75,7.29,8.54,24.83,"1"
21824,2.99,4.82,14.78,41.2,"1"
24898,2.48,8.23,16.08,26.48,"1"
24375,2.6,4.44,11.24,23.46,"1"
36097,2.8,4.26,9.35,24.73,"1"
23270,2.74,8.79,13.3,29.7,"1"
31889,3.27,8.28,12.21,35.99,"1"
46758,2.77,5.32,11.38,24.15,"1"
19779,2.51,10.39,17.53,29.63,"1"
35681,2.34,5.29,13.18,22.85,"1"
31448,2.78,4.22,10.78,29.77,"1"
44002,2.27,2.22,14.85,33.22,"1"
41922,2.39,4.77,14.02,24.63,"1"
23460,3.21,9.85,11.54,31.16,"1"
21053,2.32,6.66,11.2,21.79,"1"
36634,2.81,7.65,8.68,26.28,"1"
16574,2.72,7.72,14.98,26.01,"1"
37473,2.63,5.45,12.72,26.06,"1"
22365,3.27,14.81,10.98,29.52,"1"
21483,3.01,9.57,13.03,28.62,"1"
25533,3.01,10.69,15.47,30.37,"1"
29314,1.6,7.04,15.57,23.07,"1"
22785,2.47,8.8,15.12,31.43,"1"
29351,2.79,10.68,10.84,32.56,"1"
25576,2.78,6.83,12.03,27.08,"1"
25689,2.58,5.04,13.98,29.56,"1"
26218,2.56,6.51,11.85,27.75,"1"
32451,2.42,3.97,11.97,35.77,"1"
17386,3.29,16.3,16.34,31.78,"1"
28034,4.06,9.4,9.9,35.51,"1"
25414,2.42,6.32,13.62,35.98,"1"
20095,2.54,9.47,11.5,24.53,"1"
18683,2.57,7.69,12.92,30.4,"1"
23497,2.77,7.89,8.96,26.13,"1"
25380,2.42,6.91,11.45,20.95,"1"
21310,2.43,8.55,10.45,26.07,"1"
22591,2.35,5.47,15.09,25.45,"1"
26713,2.45,7.23,15.22,27.17,"1"
21459,2.44,6.99,10.96,27.79,"1"
38124,3.58,6.64,10.85,30.88,"1"
36376,2.61,6.48,9.21,25.74,"1"
17959,2.67,9.38,17.86,26.49,"1"
19955,3.03,4.96,12.71,31.68,"1"
46206,3.13,5.54,11.64,30.37,"1"
28911,2.84,7.17,12.2,26.23,"1"
20099,2.47,6.23,13.95,26.42,"1"
25567,4.29,12.22,7.89,37.95,"1"
22423,2.6,6.9,14.35,28.38,"1"
26629,2.85,9.04,12.99,28.08,"1"
31873,2.49,4.16,13.26,28.82,"1"
25473,2.53,4.09,12.18,26.57,"1"
22197,2.45,6.9,15.18,26.7,"1"
25855,2.67,5.14,11.01,28.66,"1"
32145,2.45,4.22,15.5,27.8,"1"
20463,2.49,7.81,14.58,23.15,"1"
18477,2.64,12.41,15.11,28.67,"1"
11576,3.09,17.87,15.97,29.24,"1"
32605,3.11,6.15,8,28.54,"1"
26934,2.56,7.2,13.59,27.69,"1"
22446,2.6,9.13,13.52,27.92,"1"
19187,2.43,8.36,12.82,24.64,"1"
21633,3,10.18,14.35,27.04,"1"
23216,2.89,5.87,12.24,39.87,"1"
23630,2.1,6.83,11.88,15.9,"1"
21011,2.37,6.12,15.12,25.8,"1"
26630,2.46,5.91,13.93,34.21,"1"
36945,2.63,7.13,10.52,27.84,"1"
27415,3.73,11.48,9.7,33.35,"1"
37174,3.62,6.71,10.79,31.94,"1"
26086,2.42,4.77,14.24,28.4,"1"
32237,2.21,4.17,10.98,27.16,"1"
33140,2.43,5.15,9.51,37.35,"1"
30121,2.5,7.84,10.84,30.11,"1"
24045,2.66,9.16,15.65,27.66,"1"
39538,2.3,3.64,11.39,20.18,"1"
22068,3.37,10.26,9.11,30.81,"1"
26409,2.73,5.93,10.22,25.06,"1"
20731,2.29,7.49,11.98,22.1,"1"
24971,4.05,14.33,13.12,33.51,"1"
24081,2.52,4.31,12.48,25.94,"1"
24712,2.52,5.75,15.16,34.11,"1"
18619,2.56,8.15,16.38,24.5,"1"
17058,2.36,7.05,14.03,24.88,"1"
44700,2.82,4.33,10.79,25.05,"1"
21078,2.53,7.38,14.22,26.2,"1"
21946,2.76,4.7,8.53,29.61,"1"
45820,2.79,4.48,11.16,23.2,"1"
22674,2.66,8.71,15.52,28.77,"1"
35228,2.95,4.74,7.94,30.61,"1"
54497,1.99,1.87,14.35,35.23,"1"
25021,2.48,5.06,13.56,26.08,"1"
18548,2.63,12.78,13.95,24.99,"1"
15531,3,16.51,11.2,41.83,"1"
43148,1.99,2.99,9.37,11.44,"1"
26710,2.17,4.21,17.92,20.86,"1"
20594,2.88,7.11,14.95,30.07,"1"
39087,2.68,4.84,12.53,28.5,"1"
15605,3.8,16.97,7.6,32.69,"1"
29492,3.08,7.78,11.62,29.45,"1"
28242,2.48,5.46,13.12,25.52,"1"
28377,2.95,10.91,11.72,29.47,"1"
33527,2.91,6.97,12.19,27.24,"1"
41187,2.96,6.38,8.82,26.9,"1"
22577,2.66,5.78,11.19,34.62,"1"
78965,2.89,2.83,6.31,19.86,"1"
20374,2.77,8.37,14.49,24.17,"1"
40683,2.7,5.4,6.38,23.98,"1"
39967,2.83,5.51,12.13,30.43,"1"
15795,2.37,8.39,12.03,30.44,"1"
22168,3.08,12.79,12.79,27.55,"1"
35103,2.62,6.3,12.08,28.85,"1"
27552,2.66,6.07,10.75,27.96,"1"
20380,2.46,7.43,13.23,28.19,"1"
21003,2.5,7.63,16.34,27.87,"1"
30273,2.67,5.11,11.62,29.13,"1"
19030,2.62,8.66,13.48,25.9,"1"
18546,2.71,11.25,14.05,27.45,"1"
43946,2.74,6.46,14.62,28.98,"1"
30938,2.58,5.46,9.93,33.11,"1"
19507,2.5,6.21,14.42,24.46,"1"
23430,2.6,8.73,11.66,31.09,"1"
19016,2.6,7.17,14.34,26.95,"1"
21881,2.45,7.83,15.18,25.55,"1"
20309,2.41,9.63,17.11,26.47,"1"
26701,3.1,7.84,11.51,30.15,"1"
41449,2.81,6.22,5.73,22.52,"1"
22129,3.67,8.18,12.12,37.89,"1"
20382,2.07,9.76,12.24,17.88,"1"
26394,2.63,5.97,10.61,38.51,"1"
27095,2.61,10.77,11.23,24.33,"1"
26470,2.77,4.37,10.61,34.37,"1"
36886,3.04,6.11,12.54,30.66,"1"
21344,2.75,11.64,13.27,27.91,"1"
24923,2.91,8.52,13.8,29.81,"1"
15890,3.76,15.3,9.56,33.08,"1"
20298,2.57,7.88,12.01,25.52,"1"
41921,2.79,4.66,11.2,31.81,"1"
21618,2.47,6.94,15.85,25.35,"1"
25983,2.46,6.26,12.07,27.39,"1"
24294,2.35,3.91,13.66,25.06,"1"
19390,2.85,16.6,16.98,27.6,"1"
26883,2.62,8.93,12.56,26.9,"1"
18913,2.6,12.39,15.73,24.47,"1"
24146,2.41,4,10.03,25.17,"1"
17826,2.64,9.51,12.18,27.99,"1"
22053,2.96,10.29,9.63,34.78,"1"
31885,2.55,5.19,11.25,38.87,"1"
21205,2.52,6.93,14.08,25.45,"1"
30693,2.48,8.57,13.16,26.7,"1"
27483,2.55,5.16,17.81,31.84,"1"
22504,2.47,6.66,11.28,23.7,"1"
18683,2.6,8.99,17.24,29.51,"1"
26950,2,4.79,11.32,18.5,"1"
26877,2.1,7.16,13.57,18.62,"1"
20141,2.38,8.24,15.72,26.4,"1"
17552,2.75,8.82,12.79,27.19,"1"
21061,2.79,12.83,15.97,28.45,"1"
25153,2.61,5.15,11.62,33.2,"1"
26576,2.28,6.75,13.46,30.02,"1"
27256,2.44,4.72,12.71,32.98,"1"
34050,2.96,7.89,11.14,26.16,"1"
25926,2.94,7.9,13.16,27.54,"1"
21006,2.36,7.84,14.85,29.98,"1"
25000,2.48,7.44,12.01,26.41,"1"
17196,2.28,7.51,14.81,22.25,"1"
30590,2.59,6.57,18.4,27.06,"1"
21558,5.28,12.35,8.44,39.97,"1"
21038,2.59,8.38,16.07,28.24,"1"
18858,2.84,8.69,11.87,31.45,"1"
30908,2.76,6.24,13.18,27.34,"1"
27371,2.22,5.33,16.26,35.99,"1"
42748,2.41,5.03,13.02,28.07,"1"
15570,2.7,17.4,12.1,24.59,"1"
20609,2.36,6.21,13.98,30.71,"1"
24130,2.69,6.56,10.98,35.04,"1"
30733,2.92,7.2,11.5,27.2,"1"
31712,2.82,9.22,11.52,28.6,"1"
26119,2.51,4.56,16.18,34.53,"1"
59076,3.54,3.67,6.83,28.65,"1"
25384,2.53,5.73,13.09,25.71,"1"
24296,2.06,3.9,12.87,19.71,"1"
24316,2.36,7.16,13.26,29.18,"1"
15576,2.63,9.73,12.61,38.93,"1"
27095,2.58,9.38,15.68,27.02,"1"
18631,2.25,7.89,14.77,31.84,"1"
12908,3.53,17.42,9.12,30.86,"1"
26144,2.7,8.15,15.11,26.94,"1"
42481,3.19,4.96,11.15,29.44,"1"
22886,2.56,7.94,14.36,26.52,"1"
18641,2.68,6.76,14.15,26.95,"1"
50468,2.37,3.23,12.85,21.09,"1"
24644,2.54,7.02,11.52,26.46,"1"
21949,2.47,7.26,13.51,24.08,"1"
32154,2.8,7.1,14.05,28.34,"1"
28097,2.27,3.57,13.54,24.32,"1"
25152,2.4,6.09,10.8,35.77,"1"
21650,3.01,14.71,14,31.88,"1"
26810,2.7,11.76,17.06,28.16,"1"
23487,2.64,8.2,14.35,29.27,"1"
21309,2.61,8.45,15.65,27.11,"1"
30151,2.85,7.87,12.82,29.89,"1"
22147,2.73,9.18,11.37,34.52,"1"
23958,2.47,5.39,14.81,25.2,"1"
30489,2.81,4.42,7.23,51.27,"1"
23603,2.4,5.94,12.3,23.09,"1"
32341,2.34,4.3,17,33.75,"1"
33498,2.78,5.15,8.87,29.28,"1"
27074,4.37,11.49,8.95,36.85,"1"
22279,4.34,10.24,10.66,36.96,"1"
34836,2.27,2.96,13.27,23.73,"1"
47143,3.18,4.57,8.89,28.36,"1"
16586,2.51,8.17,15.26,24.55,"1"
24056,2.72,7.16,14.31,30.25,"1"
24319,2.36,7.11,11.4,26.47,"1"
27312,2.45,5.84,12.95,28.97,"1"
20053,2.44,7.35,15.51,26.67,"1"
19077,2.75,8.43,12.48,27.3,"1"
47506,2.59,4.03,10.74,28.9,"1"
22859,2.35,4.28,15.65,26.93,"1"
22468,2.73,9.52,11.39,39.65,"1"
19259,2.49,9.34,12.82,26.9,"1"
32559,3.04,6.15,10.09,28.64,"1"
25982,2.48,5.68,8.96,47.67,"1"
25377,2.58,7.22,13.45,27.09,"1"
23563,2.92,6.1,12.87,38.6,"1"
19193,2.52,9.24,15.71,27.56,"1"
14579,2.57,10.95,12.94,25.39,"1"
28704,2.71,10.62,12.62,29.69,"1"
21665,2.27,5.64,15.22,23.5,"1"
23127,2.69,7.88,15.37,27.35,"1"
27770,2.69,7.8,11.97,27.95,"1"
33667,2.49,4.6,13.64,28.99,"1"
25015,2.2,4.97,14.46,28.02,"1"
15315,2.37,9.64,17.91,27.23,"1"
21851,2.62,8.82,14.22,28.46,"1"
23819,4.58,13.37,9.28,36.99,"1"
22357,2.69,6.37,12.84,27.47,"1"
25751,2.74,6.16,14.47,26.32,"1"
20429,2.75,7.35,13.88,30.41,"1"
40955,3.31,7.82,11.57,29.6,"1"
26265,2.63,8.35,11.29,26.39,"1"
32690,2.48,6.75,10.9,23.6,"1"
26344,2.49,6.15,13.69,28.56,"1"
25009,2.95,6.17,11.06,34.53,"1"
19807,2.52,11.23,15.06,26.01,"1"
30389,2.87,6.98,12.89,29.06,"1"
31461,2.6,6.54,14,22.18,"1"
24470,3.48,15.72,9.8,30.54,"1"
26276,2.64,5.45,10.72,27.96,"1"
46885,2.43,3.2,13.96,24.1,"1"
25147,3.26,13.9,11.32,29.41,"1"
22267,2.28,5.56,14.32,23.63,"1"
32098,2.88,5.2,11.59,27.74,"1"
47533,2.82,3.35,11.75,25.31,"1"
18276,2.34,10.76,12.48,28.54,"1"
22677,2.73,4.36,12,32.97,"1"
17060,2.58,15.6,13.89,24.97,"1"
31793,2.36,6.25,14.09,33.32,"1"
25324,2.29,6.67,13.1,30.92,"1"
30037,2.72,8.58,14.65,29.09,"1"
25238,2.54,5.89,12.51,25.42,"1"
24509,2.43,3.16,13.87,25.4,"1"
33063,2.75,5.88,12.99,27.8,"1"
16223,2.87,11.99,12.86,32.19,"1"
22664,2.62,8.22,13.59,25.07,"1"
41974,3.14,6.92,11.31,28.1,"1"
22515,3.81,12.37,10.19,35.61,"1"
21897,2.82,9.96,13.78,28.1,"1"
33453,2.75,6.82,11.8,28.56,"1"
13704,2.81,15.94,13.96,27.06,"1"
40256,2.99,7.28,11.77,27.63,"1"
32150,2.42,6.44,12.51,26.62,"1"
22183,2.89,14.99,14.08,30.15,"1"
33686,2.73,5.72,12.8,32.67,"1"
23584,2.86,8.92,14.01,30.35,"1"
35237,2.48,4.62,14.42,24.79,"1"
19391,2.8,14.24,13.59,28.88,"1"
21745,2.54,8.24,14.39,26.11,"1"
41435,3.1,5.7,12.08,29.64,"1"
13060,3.52,19.01,8.4,30.11,"1"
23551,2.38,6.43,15.77,29.11,"1"
37695,3.17,6.41,11.41,25.74,"1"
23038,2.3,4.18,14.45,28.32,"1"
21242,2.52,8.17,12.15,33.6,"1"
27293,2.87,8.77,11.47,28.71,"1"
26669,3.1,10.94,11.46,30.48,"1"
41675,2.65,4.58,13.55,27.42,"1"
22140,2.72,10.73,15.22,34.04,"1"
21119,2.54,7.91,11.69,29.15,"1"
33214,2.49,4.71,15.16,28.19,"1"
21603,2.77,7.16,12.16,31.06,"1"
20618,2.58,6.84,11.2,24.95,"1"
30533,2.52,7.77,11.36,27.7,"1"
30147,2.74,4.43,9.6,26.24,"1"
31266,2.7,6.41,12.19,27.19,"1"
25333,2.53,7.19,15.86,27.65,"1"
23318,2.59,5.1,11.4,33.13,"1"
26722,2.35,5.55,13.07,23.96,"1"
22476,2.53,5.48,11.88,22.92,"1"
25422,2.22,4.95,16.76,26.19,"1"
36058,2.78,6.11,13.33,28.98,"1"
27606,2.43,6.99,12.33,27.31,"1"
20347,2.75,13.21,13.46,25.7,"1"
31605,3.27,7.66,9.89,30.19,"1"
32393,2.29,4.58,15.35,29.47,"1"
16305,2.68,8.38,12.48,29.5,"1"
35684,2.7,6.2,14.69,28.61,"1"
23695,2.26,6.59,13.79,20.5,"1"
26787,2.57,8.58,16.32,27.8,"1"
24495,2.64,7.84,14.35,26.61,"1"
21427,2.73,6.87,12.22,26.23,"1"
36652,2.65,2.82,11.53,26.76,"1"
21529,2.57,11.6,17.87,27.43,"1"
23627,2.61,8.88,13.25,29.77,"1"
27591,2.66,5.62,13.96,32.48,"1"
25719,2.88,10.86,14.92,28.69,"1"
27538,2.16,5.41,16.1,19.86,"1"
35083,3.03,6.97,12.82,27.77,"1"
21085,2.67,8.52,13.64,24.45,"1"
33084,3.33,7.57,12.77,30.74,"1"
33482,3.53,6.59,8.53,29.82,"1"
32194,2.4,5.2,11.87,25.44,"1"
30727,2.43,7.03,15.03,29.83,"1"
40936,2.91,6.63,13.12,27.25,"1"
23078,2.59,7.05,11.67,28.26,"1"
19099,2.46,11.53,14.4,24.9,"1"
26674,2.55,5.31,10.91,25.71,"1"
43490,2.35,4.59,7.28,29.53,"1"
40327,2.8,6.58,10.84,27.85,"1"
13804,2.74,11.14,12.35,25.87,"1"
25961,4.38,12.46,9.89,35.77,"1"
29737,2.36,5.62,12.65,36.55,"1"
20185,2.43,7.47,14.88,24.87,"1"
22275,2.53,9.13,17.06,30.26,"1"
22647,2.58,12.16,11.75,27.07,"1"
35788,3.31,7.32,12.05,31.88,"1"
34344,2.46,7.65,9.14,28.76,"1"
26473,2.24,4.8,13.98,21.32,"1"
20565,2.72,7.5,11.11,43.29,"1"
28553,2.57,9.34,12.04,26.65,"1"
32711,2.7,5.88,15.91,28.98,"1"
19950,2.51,4.75,11.68,24.62,"1"
39975,2.69,4.99,12.89,24.5,"1"
34383,3.7,8.44,10.54,31.31,"1"
42948,2.59,6.42,9.62,29.89,"1"
15917,2.73,7.18,8.9,47.14,"1"
23156,2.58,6.07,9.45,43.68,"1"
24346,2.73,7.55,13.35,27.4,"1"
21160,2.77,7.44,10.43,25.86,"1"
15732,2.35,11.52,14.53,23.61,"1"
19775,2.35,9.11,12.53,24.72,"1"
34727,2.52,2.23,12.96,32.59,"1"
22176,3.13,9.46,9.05,41.12,"1"
32633,2.81,7.29,10.45,26.41,"1"
38859,2.63,5.8,6.86,29.49,"1"
21401,3.2,17,12.56,29.65,"1"
17682,2.71,8.68,14.42,27.4,"1"
28513,2.62,5.2,14.64,28.77,"1"
17897,2.97,11.51,13.82,30.16,"1"
41533,3.18,5.43,10.26,28.49,"1"
27101,2.68,9.19,10.75,30.45,"1"
21198,3.24,17.23,11.22,29.56,"1"
17811,2.82,11.51,8.86,25.45,"1"
27236,2.8,5.86,12.64,32.09,"1"
21920,2.7,7.44,12.12,26.93,"1"
45739,2.53,4.81,12.96,24.15,"1"
35479,2.59,4.78,13.52,24.69,"1"
24517,2.49,5.78,15.73,29.54,"1"
25670,2.35,5.14,15.85,26.81,"1"
29354,2.49,7.15,12.71,27.53,"1"
29054,2.77,10.83,11.36,30.31,"1"
25223,2.49,6.43,12.11,24.42,"1"
37080,2.41,3.4,11.78,24.49,"1"
23634,2.76,5.87,14.82,30.87,"1"
26540,2.65,7.63,12.6,26.95,"1"
25828,2.55,8.74,15.71,25.05,"1"
23194,2.54,6.66,14.19,25.97,"1"
27239,2.25,6.68,16.74,23.03,"1"
35425,2.54,5.17,11.74,27.97,"1"
31741,2.52,5.49,14.39,25.05,"1"
21301,2.67,9.18,12.69,27.98,"1"
28734,3.15,5.17,15.55,31.69,"1"
22750,2.33,6.41,12.94,22.35,"1"
25029,2.67,5.81,17.1,28.98,"1"
25773,2.97,6.18,12.28,28.64,"1"
24055,2.6,5.66,12.89,26.53,"1"
16853,2.83,12.87,11.15,25.7,"1"
20478,2.6,8.83,14.99,26.81,"1"
14839,2.24,14.17,11.54,22.46,"1"
31701,2.84,8.9,13.72,27.02,"1"
24966,2.35,6.09,13.24,22.38,"1"
20825,2.45,8.93,16.29,28.27,"1"
18627,2.29,7.93,18.25,31.21,"1"
41472,2.09,3.5,14.47,30.47,"1"
27065,2.52,4.88,11.27,26.78,"1"
23887,2.55,10.15,17.28,28.15,"1"
27352,2.3,6.05,13.22,21.42,"1"
20747,2.41,9.07,11.66,28.47,"1"
39886,2.87,7.16,9.47,26.39,"1"
29770,3.77,8.41,8.81,31.91,"1"
41670,2.75,4.8,10.06,23.45,"1"
27708,2.18,4.61,18.04,27.81,"1"
21433,2.94,8,9.99,29.12,"1"
29116,2.55,7.74,13.3,25.3,"1"
22709,2.14,8.8,15.18,24.32,"1"
29683,2.25,6.34,14.29,21.07,"1"
27893,2.46,9.34,18.43,26.17,"1"
24915,2.58,6.76,13.63,26.6,"1"
28838,2.99,9.69,14,33.07,"1"
39882,3.21,6.21,11.61,30.28,"1"
32128,4.01,9.65,9.28,33.45,"1"
22085,2.46,8.42,13.76,25.71,"1"
21040,2.62,11.58,12.58,28.82,"1"
26876,3.07,10.28,13.36,28.46,"1"
38619,2.62,3.04,10.75,24.17,"1"
21054,3.65,23.83,8.26,30.39,"1"
25823,2.54,6.03,10.3,26.18,"1"
21812,2.43,8.55,16.77,25.8,"1"
32895,2.77,6.23,13.12,28.88,"1"
35862,2.01,3.72,13.3,17.47,"1"
34796,2.51,5.14,11.26,21.03,"1"
32014,3.05,5.19,11.24,29.13,"1"
19110,2.33,8.32,13.02,21.56,"1"
29015,3.67,9.88,11.91,34.48,"1"
28035,2.52,9.36,11.66,26.25,"1"
16925,2.75,11.02,16.93,24.63,"1"
23153,2.72,6.03,13.03,29.33,"1"
25452,2.73,7.84,12.21,27.95,"1"
24887,2.71,6.87,12.89,27.4,"1"
27555,2.5,6.32,14.37,27.85,"1"
46988,3.42,4.49,9.45,28.93,"1"
25369,2.68,6.91,12.78,28.78,"1"
21397,2,5.79,14.08,16.79,"1"
21552,2.3,7.63,18.69,27.16,"1"
38463,3.07,8.65,12.79,29.29,"1"
25053,2.54,4.13,11.79,22.01,"1"
43500,2.79,4.36,7.83,21.36,"1"
26336,2.66,7.97,13.11,38.5,"1"
38789,2.81,4.6,10.98,25.54,"1"
50471,3.15,5.3,10.57,28.94,"1"
21766,2.42,7.05,14.96,23.73,"1"
33385,2.2,3.63,16.22,20.97,"1"
38108,3.04,5.24,9.08,27.98,"1"
24244,2.87,7.35,10.88,29.2,"1"
28642,2.88,7.58,13.15,28.64,"1"
36097,2.71,5.31,13.42,32.18,"1"
19894,2.39,5.41,15.11,26.16,"1"
32295,2.53,5.51,12.02,29.51,"1"
23578,2.46,7.22,11.6,24.52,"1"
25893,2.38,6.39,13.75,27.8,"1"
27980,3.3,10.99,10.25,30.06,"1"
13863,2.51,14.82,14.12,24.13,"1"
31769,2.92,11.03,10.97,28.57,"1"
30876,3.07,10.04,12.08,28.25,"1"
25773,2.88,8.27,13.22,28.43,"1"
21077,2.66,6.59,10.29,42.46,"1"
32684,4.17,8.45,9.66,34.53,"1"
34801,3,6.91,12.41,31.46,"1"
22591,2.51,8.76,14.12,27.64,"1"
26361,2.64,8.59,13.27,28.23,"1"
24354,2.55,7.33,13.7,31.36,"1"
25035,2.52,5.27,13.51,27.36,"1"
23815,4.29,3.28,7.01,54.63,"1"
23584,2.26,7.34,13.72,22.74,"1"
33502,2.71,2.84,11.03,29.51,"1"
16769,2.54,12.38,13.49,23.98,"1"
20396,2.62,5.61,11.04,24.79,"1"
17631,2.46,11.56,11.43,24,"1"
24906,2.69,6.17,12.85,27.08,"1"
41958,3.82,5.53,9.3,34.82,"1"
24601,2.68,7.33,14.52,28.08,"1"
20841,1.81,7.32,11.77,12.81,"1"
35483,2.55,2.2,12.19,27.43,"1"
26311,2.67,7,13.32,28.57,"1"
31441,3.2,6.73,10.97,30.73,"1"
22894,2.53,5.58,12.46,29.16,"1"
31271,3.26,10.81,12.12,31.46,"1"
40221,2.93,3.57,9.1,28.89,"1"
36605,2.92,6.55,12.51,27.49,"1"
21049,2.76,8.12,10.07,25.5,"1"
38388,2.96,6.94,13.73,29.54,"1"
20427,2.87,10.59,16.93,27.4,"1"
16553,3.49,13.89,10.11,30.62,"1"
22936,2.38,7.12,14.41,26.03,"1"
23661,2.57,8.08,13,28.48,"1"
23062,2.49,7.99,14.11,25.77,"1"
17344,2.6,11.14,17.01,26.7,"1"
15312,1.88,8.9,16.52,20.08,"1"
41965,2.75,5.19,12.23,27.59,"1"
22079,2.62,11.45,14.75,26.52,"1"
34716,2.45,8.2,10.6,29.24,"1"
29184,2.45,4.52,12.39,31.46,"1"
16810,2.52,5.82,12.45,24.8,"1"
29083,2.5,5.58,14.63,28.49,"1"
32012,2.83,6.08,12.74,29.21,"1"
28698,2.86,9.95,12.88,27.91,"1"
20754,2.44,11.82,17.13,26.78,"1"
21201,2.98,15.88,13.04,28.08,"1"
17822,2.53,14,16.49,27.3,"1"
20501,2.57,9.28,14.02,25.22,"1"
35162,4.1,8.52,9.07,38.27,"1"
44270,2.97,4.34,10.13,27.55,"1"
31231,2.51,4.2,15.1,27.02,"1"
31665,2.76,5.99,13.25,29.88,"1"
27212,2.4,4.21,14.36,29.21,"1"
24986,2.65,7.65,13.63,28.4,"1"
28289,2.81,9.13,14.45,30.61,"1"
24686,3.06,9.11,12.54,28.5,"1"
29291,2.66,6.64,14.74,28.64,"1"
21754,2.44,4.6,15.19,27.52,"1"
23595,4.03,12.78,8.99,36.97,"1"
26498,2.67,6.6,13.67,26.24,"1"
22189,2.54,9.92,14.25,26.63,"1"
32315,2.64,8.8,10.31,27.96,"1"
39572,2.85,6.12,12.74,25.06,"1"
26803,2.28,5.77,15.55,25.7,"1"
32033,2.83,8.62,14.3,35.12,"1"
22102,2.49,6.22,17.43,28.56,"1"
22746,2.49,6.61,11.6,25.64,"1"
52970,2.88,3.51,10.59,27.8,"1"
24200,2.72,9.2,12.56,30.86,"1"
37911,2.71,5.76,11.34,23.2,"1"
18404,3.69,13.67,9.28,30.6,"1"
29353,2.18,4.88,14.32,27.39,"1"
25045,2.64,5.59,10.96,26.86,"1"
28729,2.84,7.38,14.4,29.87,"1"
19413,2.76,11.22,12.48,28.35,"1"
17206,2.53,9.18,13.67,25.79,"1"
16749,2.52,6.7,7.7,42.14,"1"
50268,2.96,3.42,11.3,26.1,"1"
17811,2.68,11.23,12.09,26.11,"1"
15508,2.48,9.28,12.84,25.59,"1"
21063,2.55,6.9,13.47,28.66,"1"
37315,2.19,4.13,13.7,20.61,"1"
19568,2.64,6.93,10.68,38.8,"1"
22452,2.49,9.93,10.52,27.7,"1"
34552,2.96,7.5,14.6,33.75,"1"
24727,3.07,9.99,13.34,30.16,"1"
19899,2.89,12.12,12.48,30.01,"1"
23287,2.61,9.27,17.31,25.21,"1"
35140,2.73,4.02,12.7,24.41,"0"
25976,2.47,4.22,9.65,23.99,"0"
26826,2.6,5.64,9.49,38.17,"0"
36855,2.6,4.93,11.19,29.83,"0"
39037,2.26,4.4,13.38,23.46,"0"
48121,3.08,3.14,7.67,26.12,"0"
63384,3.07,2.99,5.66,23.77,"0"
30591,2.51,5.12,12.53,31.18,"0"
22532,2.47,8.71,14.45,26.24,"0"
16848,2.9,5.68,8.25,41.51,"0"
21962,2.87,14.4,17.89,32.21,"0"
40369,3.01,9.73,12.05,27.11,"0"
23028,2.12,7.32,4.41,11.33,"0"
39864,2.55,4.71,8.73,25.03,"0"
38128,2.51,3.59,10.63,25.89,"0"
29407,2.4,5.05,10.73,41.56,"0"
40515,2.43,3.28,11.95,22.48,"0"
56307,2.74,3.32,10.84,30.88,"0"
27022,2.56,5.91,14.5,27.35,"0"
13109,3.19,7.7,4.27,70.51,"0"
51198,3.06,4.53,6.04,24.68,"0"
40579,2.36,5.77,10.94,24.76,"0"
37644,2.54,4.43,10.83,33.76,"0"
23238,2.6,7.72,10.26,23.8,"0"
24947,2.28,3.35,11.06,24.3,"0"
36132,2.81,4.29,4.51,20.6,"0"
30613,3.58,3.05,5.59,47.34,"0"
23394,3.1,9.22,10.92,29.81,"0"
52734,3.03,4.49,7.13,25.27,"0"
19017,3.2,13.32,9.11,27.75,"0"
39916,3.09,5.37,9.94,27.49,"0"
41149,2.66,3.78,6.35,21.33,"0"
32332,2.32,8.03,9.45,25.66,"0"
28745,2.7,7.56,11.49,25.34,"0"
50659,2.59,3.65,9.01,24.28,"0"
39667,2.56,5.46,10.43,27.85,"0"
35301,2.74,2.75,9.73,27.52,"0"
62548,2.91,2.68,5.74,24.63,"0"
30967,2.87,7.8,10.56,28.68,"0"
31489,2.87,5.42,13.34,27.35,"0"
25679,3,6.75,10.4,27.28,"0"
25735,2.51,7.84,14.53,25.96,"0"
50075,2.79,4.46,7.29,26.53,"0"
22993,2.43,4.36,9.06,23.1,"0"
32073,2.66,3.17,7.35,29.13,"0"
53761,2.84,5.14,8.13,25.07,"0"
26777,2.53,6.16,12.52,25.83,"0"
37093,2.57,4.76,9.9,26.07,"0"
40602,2.56,2.57,8.24,18.93,"0"
25392,2.71,4.37,6.41,35.24,"0"
47790,3.62,1.71,9.8,45.2,"0"
31507,2.42,5.66,10.48,32.63,"0"
46259,2.59,2.41,8.58,28.41,"0"
21318,2.54,7.41,11.62,30.06,"0"
47029,2.49,2.45,10.14,30.15,"0"
22684,2.71,7.07,9.91,24.37,"0"
34324,2.48,3.43,11.16,30.5,"0"
28381,2.37,4,9.84,23.52,"0"
23773,2.16,6.62,11.16,23.83,"0"
36469,2.94,5.46,7.78,24.59,"0"
32704,2.34,4.21,10.31,18.8,"0"
32337,2.63,7.54,11.04,27.35,"0"
31617,2.99,5.71,10.01,28.07,"0"
35723,2.54,5.45,10.93,27.72,"0"
29661,2.77,4.1,9.98,28.99,"0"
70039,3.43,3.89,4.05,23.54,"0"
49229,2.54,4.73,7.79,25.56,"0"
32405,2.3,3.61,10.51,26.37,"0"
23727,2.47,5.63,9.2,29.41,"0"
22422,2.49,3.57,8.26,29.65,"0"
32221,2.36,3.14,11.94,26.87,"0"
27023,2.42,4.32,12.46,28.38,"0"
36901,2.63,4.63,8.62,25.45,"0"
42032,3.81,5.32,6.01,28.35,"0"
60054,2.86,4.14,7.16,24.16,"0"
30548,2.66,5.03,11.21,24.03,"0"
35575,2.9,4.98,10.18,27.09,"0"
38507,2.56,5.16,8.82,27,"0"
17985,2.38,8.38,12.26,26.97,"0"
38920,2.61,4.04,7.82,22.21,"0"
39651,2.41,5,9.64,22.96,"0"
27373,2.45,4.19,12.44,26.82,"0"
28003,2.93,5.08,6.4,39.76,"0"
28998,2.75,5.92,12.07,26.67,"0"
18974,2.35,7.49,7.98,22.6,"0"
41040,2.17,4.82,10.05,19.1,"0"
26472,2.36,4.54,11,20.43,"0"
43419,2.75,5.47,10.46,29.21,"0"
38694,2.84,3.37,7.75,31.62,"0"
20078,2.96,12.35,10.75,37.39,"0"
36626,2.46,5.05,11.03,24.34,"0"
33228,2.93,4.03,12.22,30.4,"0"
83975,3.42,2.67,3.92,23.75,"0"
60357,2.71,4.35,5.74,20.91,"0"
26654,2.46,5.66,9.08,18.03,"0"
20066,2.42,9.06,14.23,23.63,"0"
14990,3.87,11.35,4.9,67.67,"0"
26615,2.75,11.35,14.45,28.76,"0"
30535,3.1,6.32,6.96,46.96,"0"
23839,2.93,3.75,12.25,31.51,"0"
36192,2.68,3.09,10.66,30.02,"0"
44004,2.51,5.02,10.22,24.85,"0"
53396,2.77,3.78,7.65,17.83,"0"
21144,2.6,10.91,10.34,25.16,"0"
24535,2.68,5.91,8.24,36.28,"0"
123625,2.94,2.52,4.2,19.72,"0"
40679,3.16,4.9,10.72,29.21,"0"
41049,2.74,2.93,10.56,29.5,"0"
37500,2.8,4.74,9.52,25.34,"0"
48507,2.96,5.82,6.67,25.13,"0"
28955,2.66,8.27,10.72,30.98,"0"
46199,3.13,5.29,10.24,27.74,"0"
41736,2.5,3.28,9.4,26.55,"0"
40704,2.79,5.01,7.66,24.48,"0"
68742,2.82,2.69,5.78,20.7,"0"
38742,2.66,5.55,7.69,23.58,"0"
36332,2.39,2.27,11.95,26.59,"0"
60830,3.06,4.61,7.09,22.6,"0"
26261,2.64,8.18,15.07,30.53,"0"
49642,2.51,3.96,7.19,21.5,"0"
21339,2.46,8.14,11.91,24.38,"0"
35828,2.59,4.53,11.46,25.51,"0"
64806,2.62,2.24,9.08,20.23,"0"
34544,2.87,3.34,6.76,32.94,"0"
20146,2.43,4.67,8.36,25.73,"0"
46515,3.43,5.2,5.5,28.64,"0"
43673,3.17,3.36,8.37,26.63,"0"
41178,3.67,4.34,5.17,28.87,"0"
21463,3.27,6.9,7.65,54.92,"0"
76907,2.99,2.85,4.41,23.64,"0"
51984,3.13,3.34,9.01,24.16,"0"
37783,2.44,2.06,9.87,24.95,"0"
50475,2.64,3.11,8.44,28.31,"0"
35951,2.5,5.26,11.7,23.07,"0"
29987,2.44,7.56,11.11,25.19,"0"
59069,2.86,3.46,7.54,24.31,"0"
19950,2.42,9.39,11.35,27.31,"0"
30007,3.34,2.85,6.72,30.62,"0"
44495,2.53,1.79,8.2,23.47,"0"
41006,2.85,4.56,7.53,25.19,"0"
39014,2.73,5.17,11.9,25.69,"0"
46116,2.93,4.3,10.68,25.49,"0"
38802,2.79,5.39,14.14,26.44,"0"
28315,2.71,5.44,13.27,25.71,"0"
25649,2.28,5.99,15.37,32.02,"0"
21120,3.07,7.7,9.52,28.56,"0"
30138,2.45,7.73,12.57,25.06,"0"
19382,2.46,9.39,14.61,29.68,"0"
25859,2.67,8.36,13.15,28.01,"0"
35554,2.87,5.37,10.62,29.21,"0"
57464,2.64,2.84,7.7,21.94,"0"
37701,2.73,7.65,7.94,24.89,"0"
29133,2.42,5.58,12.7,25.15,"0"
28223,2.55,4.41,8.79,26.81,"0"
61271,2.8,2.5,8.51,23.72,"0"
32124,2.47,3.26,7.62,22.27,"0"
32964,2.63,4.41,8.76,24.21,"0"
37274,2.86,4.9,12.76,28.71,"0"
25369,2.43,6.42,12.92,31.76,"0"
29647,2.47,4.9,12.39,27.27,"0"
44358,3.2,3.32,6.38,24.31,"0"
86674,2.79,2.86,6.59,19.3,"0"
51988,2.8,3.47,8.01,24.59,"0"
49658,2.66,3.76,5.63,20.02,"0"
27148,2.58,5.93,11.46,29.7,"0"
17736,2.66,17.82,15.25,28.5,"0"
21522,2.56,10.79,15.01,28.1,"0"
37862,2.47,3.56,7.68,26.35,"0"
43379,2.68,3.24,10.78,20.29,"0"
50987,3.15,4.96,6.42,25.13,"0"
40865,3.39,7.31,10.59,28.47,"0"
17805,2.46,9.08,12.14,24.29,"0"
55752,2.76,4.16,6.86,24.96,"0"
30907,2.48,2.28,10.17,27.59,"0"
46566,3.34,4.9,8.29,26.62,"0"
29032,2.55,4.52,11.97,25.3,"0"
32979,2.51,3.05,7.66,19.25,"0"
36724,2.87,6.76,11.36,24.66,"0"
48986,2.85,6.62,8.53,25.83,"0"
46539,3.01,4.57,11.63,30.19,"0"
27182,2.46,5.18,11.23,20.96,"0"
14316,2.46,10.5,13.01,32,"0"
60026,3.19,5.57,6.06,25.61,"0"
47917,2.82,2.43,5.42,21.3,"0"
36418,2.75,6.26,5.96,23.26,"0"
34235,2.69,4.02,11.73,30.06,"0"
41129,2.92,3.05,11.61,25.13,"0"
84498,2.82,1.61,7.64,16.79,"0"
37117,2.67,4.93,11.03,31.73,"0"
43218,3.11,3.64,7.5,29.54,"0"
34835,2.43,4.39,12.37,26.28,"0"
25393,3.32,4.87,6.34,58.9,"0"
25569,2.71,8.17,12.97,29.09,"0"
37549,2.99,6.97,8.52,29.18,"0"
26298,2.54,5.45,11.3,24.19,"0"
25026,2.66,7.34,11.62,27.14,"0"
28428,2.43,6.87,13.39,26.66,"0"
16478,3.06,6.8,5.96,54.39,"0"
65372,2.52,1.85,5.91,18.84,"0"
46374,2.46,3.66,12.51,25.28,"0"
31053,2.64,4.93,9.62,23.62,"0"
32356,2.48,4.78,8.53,26.27,"0"
48000,2.77,4.18,9.34,23.91,"0"
41450,2.71,2.34,6.78,19.25,"0"
56011,2.73,2.42,7.6,23.6,"0"
31262,2.95,5.7,9.33,49.7,"0"
24864,2.28,6.08,13.91,25.45,"0"
25165,2.51,6.05,11.19,37.58,"0"
45687,2.8,5.41,6.87,25.77,"0"
35018,3.21,4.05,9.74,29.37,"0"
27647,2.52,5.25,9.31,25.65,"0"
26272,2.41,8.22,15.55,26.91,"0"
24215,2.65,6.44,9.55,29.62,"0"
24402,2.58,7.2,17.19,24.65,"0"
39800,2.68,5.31,8.24,25.18,"0"
58756,3.01,3.28,6.64,27.32,"0"
35550,2.45,1.9,10.94,36.13,"0"
29042,2.74,4.44,11.78,27.12,"0"
37461,2.6,2.17,10.35,25.2,"0"
28892,2.57,3.6,9.24,24.24,"0"
21060,2.51,6.55,9.61,25.78,"0"
32849,2.67,5.61,12.8,25.83,"0"
36693,2.57,5.12,9.87,24.58,"0"
30200,2.62,8.18,13,24.58,"0"
34472,2.52,3.93,10.73,23.87,"0"
45890,2.61,2.92,11.92,24.71,"0"
44142,2.65,5.5,9.4,24.75,"0"
20585,2.48,8.5,14.1,27.62,"0"
61524,2.83,2.46,7.12,23.03,"0"
48828,2.73,2.45,8.57,24.11,"0"
26640,2.32,4.21,11.23,24.1,"0"
25197,2.76,9.78,11.26,33.84,"0"
40404,3.04,4.52,10.35,30.07,"0"
46654,2.78,2.24,7.76,24.74,"0"
19686,2.35,6.82,12.98,19.4,"0"
55050,3.05,2.9,6.87,23.66,"0"
45964,2.54,4.07,15.45,24.83,"0"
35951,3.02,3.74,9.45,29.33,"0"
31583,2.56,5.85,11.16,26.68,"0"
53480,3.06,3.7,10.21,26.99,"0"
36512,2.99,4.37,9.28,28.61,"0"
19977,2.82,6.09,6.68,48.06,"0"
27289,2.55,6.47,11.38,26.05,"0"
23462,2.67,5.67,11.09,34.21,"0"
58947,2.7,4.37,7.39,22.61,"0"
27698,2.34,4.62,9.7,24.26,"0"
34990,2.78,3.64,11.15,28.19,"0"
23819,2.37,5.82,14.13,22.59,"0"
67892,3.13,2.72,7.98,24.72,"0"
17391,2.28,7.39,14.39,26.14,"0"
21989,2.48,10.84,14.82,26.25,"0"
38464,2.04,2.95,10.4,15.43,"0"
22146,2.51,3.94,9.93,25.06,"0"
21762,2.38,10.96,15.23,24.76,"0"
100077,3.01,2.81,4.4,22.09,"0"
26770,2.51,5.42,10.54,28.94,"0"
24579,2.63,7.64,12.23,28.87,"0"
36977,2.53,3.09,7.67,23.09,"0"
36289,2.46,5.76,8.6,23.68,"0"
49143,2.88,3.13,5.81,23.52,"0"
25291,2.49,5.01,15.89,28.17,"0"
66760,2.81,2.99,5.66,21.73,"0"
52208,2.9,2.42,7.31,26.56,"0"
23381,2.43,9.37,9.53,22.36,"0"
14481,2.93,5.98,3.81,66.64,"0"
43800,2.43,3.03,11.63,26.4,"0"
46309,2.94,3.91,5.82,24.45,"0"
29324,2.88,4.33,8.84,27.91,"0"
34950,2.47,4.14,15.38,31.87,"0"
22458,2.42,10.65,14.14,23.66,"0"
41045,2.44,2.84,9.79,27.99,"0"
36835,2.31,4.36,11.33,24.83,"0"
34506,2.32,3.09,10.69,23.89,"0"
27366,2.23,4.83,12.8,21.92,"0"
24573,2.41,1.83,9.79,24.23,"0"
52193,2.66,2.8,6.97,21.33,"0"
40600,2.32,5.86,8.39,24.38,"0"
43253,2.55,5.92,9.12,25.44,"0"
29833,2.54,4.97,11.7,28.02,"0"
63607,2.75,2.77,10.55,26.5,"0"
58018,3.02,5.24,5.98,24.52,"0"
21496,2.7,5.42,12.27,29.09,"0"
31767,2.45,5.24,14.89,34.64,"0"
29622,2.36,4.01,10.69,25.52,"0"
32375,2.62,3.85,8.91,27.16,"0"
16961,2.79,6.93,8.25,44.36,"0"
42530,2.95,3.02,8.12,25.42,"0"
20646,2.54,6.58,10.4,40.9,"0"
30896,2.71,3.88,9.52,31.64,"0"
43593,2.6,4.62,9.62,26.02,"0"
34844,2.55,7.34,9.05,26.23,"0"
30795,3.05,9.21,11.55,25.91,"0"
27558,2.47,6.4,11.85,34.3,"0"
52126,2.6,2.93,5.81,20.17,"0"
48889,2.82,2.94,8.64,24.91,"0"
20970,2.6,4.75,11.29,25.95,"0"
45516,2.78,4.85,8.18,25.74,"0"
25740,2.58,5.21,11.54,28.86,"0"
46352,2.25,3.32,15,28.13,"0"
74124,2.81,2.75,6.55,22.54,"0"
38976,2.25,5.79,13.16,27.33,"0"
22279,2.63,5.23,8.35,27.68,"0"
36043,2.57,4.81,11.01,26.73,"0"
32733,2.53,6.21,13.51,27.37,"0"
54834,2.76,3.03,7.51,21.53,"0"
60462,2.51,3.4,11.7,26.23,"0"
61572,2.6,3.24,8.68,19.04,"0"
30194,2.75,6.63,12.3,28.07,"0"
45529,2.14,3.27,11.39,21.09,"0"
22407,2.56,5.88,9.2,24.03,"0"
31833,2.65,4.36,12.79,26.91,"0"
45262,2.89,1.97,6.85,23.45,"0"
43968,2.8,2.65,6.21,17.59,"0"
47482,2.83,4.49,7.65,26.78,"0"
69695,2.75,2.55,6.38,22.13,"0"
24536,2.63,6.47,10.96,29.18,"0"
36710,3.06,8.25,10.17,27.26,"0"
36809,2.67,3.5,9.17,25.49,"0"
69019,3.07,2.28,5.55,21.53,"0"
33961,2.69,7.85,8.23,23.33,"0"
53488,2.56,3.87,6.36,23.99,"0"
40290,2.49,3.7,10.89,26.35,"0"
26668,2.48,7.71,8.85,21.51,"0"
39215,2.65,6.03,10.03,27.64,"0"
52882,3.1,5.13,7.69,25.3,"0"
28070,2.4,5.34,11.13,29.64,"0"
48758,3.12,4.41,7.73,30.77,"0"
32733,2.54,4.28,9.25,25.91,"0"
40982,2.95,5.93,7.93,25.55,"0"
54364,3.2,2.5,8.12,29.17,"0"
50611,3.09,3.41,7.22,25.12,"0"
23744,2.46,4.48,10.57,22.35,"0"
41338,2.93,2.44,6.32,24.37,"0"
14423,2.53,12.86,13.01,27.7,"0"
25149,2.76,5.53,15.72,28.91,"0"
31007,2.53,5.57,9.67,24.59,"0"
20891,2.34,8.21,12.76,28.54,"0"
50896,2.67,4.07,8.08,21.94,"0"
22996,2.7,6.45,10.88,37.9,"0"
33311,2.49,7.04,10.17,26.76,"0"
35669,2.43,4.01,12.55,25.88,"0"
52707,2.95,5.44,6.57,24.35,"0"
53492,2.81,5,6.19,26.38,"0"
45787,2.7,3.85,11.77,27.8,"0"
21174,2.58,7.69,16.27,27.52,"0"
17829,3.01,5.63,6.03,50.03,"0"
27922,4.31,4.86,4.68,63.35,"0"
28860,2.76,4.56,13.03,30.41,"0"
49777,2.64,4.03,6.95,22.36,"0"
49149,2.75,4.19,11.86,27.36,"0"
37539,2.76,5.35,8.39,23.63,"0"
24296,2.44,3.73,10.69,23.43,"0"
56571,3.03,4.08,6.83,21.25,"0"
23700,2.41,5.19,15.04,26.32,"0"
21312,2.97,6.84,6.17,44.55,"0"
14994,3.2,19.22,10.6,28,"0"
26703,2.46,4.95,13.43,28.54,"0"
22098,2.77,7.72,11.06,31.27,"0"
23393,2.42,7.18,11.09,22.3,"0"
31103,2.64,5.13,11.33,30.39,"0"
25711,2.44,6.42,12.34,24.98,"0"
53539,2.62,1.96,6.41,18.06,"0"
43759,2.74,5.29,8.33,24.23,"0"
42299,2.53,2.85,13.18,28.06,"0"
35974,2.57,7.11,9.96,27.99,"0"
74825,3.19,4.7,5.23,24.83,"0"
42489,2.36,3.42,16.41,29.11,"0"
26684,2.52,7.28,12.37,25.6,"0"
22257,2.34,4.37,8.73,21.86,"0"
35374,2.89,4.33,12,26.29,"0"
40885,2.82,4.38,8.12,20.02,"0"
32285,2.57,4.46,9.7,25.51,"0"
71274,2.75,1.67,5.59,18.3,"0"
65994,2.78,3.64,5.88,22.26,"0"
26873,2.8,3.9,8.89,29.25,"0"
15938,2.69,11.24,13.72,26.8,"0"
42686,2.61,2.21,9.07,25.66,"0"
75905,3.04,2.25,4.23,21.16,"0"
33107,2.4,4.55,9.87,22.84,"0"
29547,2.06,2.57,14.64,26.23,"0"
59834,3,4.36,6.45,24.16,"0"
40330,2.9,5.07,6.35,24.95,"0"
22092,2.84,7.84,7.72,47.45,"0"
12931,2.52,6.77,4.92,59.94,"0"
34054,2.45,4.78,14.97,26.6,"0"
30743,2.75,5.09,7.47,26.42,"0"
19205,2.53,7.53,12.73,23.9,"0"
50945,3.09,4.31,10,31.71,"0"
22634,2.56,6.44,9.82,34.09,"0"
18506,2.86,13.03,12.05,27.77,"0"
33817,2.58,3.75,10.31,24.35,"0"
51242,2.98,4.78,6.53,25.03,"0"
42565,2.84,3.13,10.41,25.46,"0"
89395,2.84,3.31,5.78,19.99,"0"
43088,2.82,4.43,10.99,26.29,"0"
74472,2.83,2.41,8.44,21.1,"0"
34218,3.11,8.11,8.77,39.34,"0"
26301,2.72,11.32,12.99,29.66,"0"
27264,2.46,4.43,11.12,28.04,"0"
30469,2.99,5.32,8.06,34.35,"0"
56468,2.63,3.98,7.91,30.57,"0"
36864,2.54,4.16,10.45,29.41,"0"
69904,2.93,2.95,5.72,21.21,"0"
37987,2.66,6.34,12.94,31.24,"0"
50798,2.9,2.81,6.47,24.15,"0"
25677,2.49,7.01,14.85,24.15,"0"
33253,2.61,3.85,10.59,25.01,"0"
26179,2.4,8,15.25,26.86,"0"
37664,2.57,4.13,8.98,24.9,"0"
75221,2.89,3.11,5.56,22.18,"0"
14822,2.53,9.79,13.56,36.19,"0"
22291,2.81,7.02,8.61,40.34,"0"
20176,2.61,18.29,17.92,29.26,"0"
27126,2.97,8.17,12.2,27.38,"0"
26136,2.98,7.12,9.23,28.02,"0"
20472,2.41,9.29,10.56,23.23,"0"
22265,2.4,5.77,4.81,47.49,"0"
25058,2.75,9.63,10.88,25.59,"0"
37050,2.84,5.23,11.14,30.27,"0"
79092,3.02,2.65,5.93,21.58,"0"
36526,2.54,6.09,10.35,26.38,"0"
25615,2.6,10.57,7.67,22.72,"0"
57568,2.73,3.45,6.66,21.64,"0"
39308,2.92,3.76,9.7,36.22,"0"
56713,2.83,3.27,7.22,25.06,"0"
40174,2.64,3.92,9.19,23.98,"0"
36935,2.56,4.5,10.77,21.05,"0"
21219,2.91,7.5,8.85,54,"0"
22369,2.47,5.85,13.12,25.84,"0"
36247,2.71,4.75,7.36,25.15,"0"
45303,2.49,3.59,9.82,25.94,"0"
77530,3.11,3.12,5.15,21.16,"0"
72369,3.06,4.11,4.48,21.65,"0"
23221,2.45,8.19,14.94,27.93,"0"
20413,2.44,8.71,13.8,23.77,"0"
18956,3.53,12.69,10.12,34.33,"0"
24714,2.46,4.73,11.97,35.4,"0"
32596,2.66,5.1,8.75,24.09,"0"
24091,2.39,4.67,9.14,20.79,"0"
16997,2.59,9.03,13.13,24.41,"0"
9805,2.5,31.23,22.23,27.84,"0"
20742,2.48,11.19,11.06,24.92,"0"
56478,2.94,3.51,6.2,33.74,"0"
25656,2.72,9.34,12.76,30.02,"0"
59020,2.78,2.42,6.45,21.93,"0"
39822,2.44,5.57,8.24,24.97,"0"
36431,2.45,3.51,10.53,22.93,"0"
25341,3.33,4.52,6.81,30.75,"0"
22023,2.49,9.53,13.45,25.94,"0"
32141,2.6,5.68,9.16,23.8,"0"
17103,3.15,13.57,10.47,29.76,"0"
33863,2.09,3.92,15.61,34.22,"0"
34168,2.57,5.37,10.19,26.52,"0"
22806,2.42,9.15,13.7,23.96,"0"
24929,2.55,4.31,11.45,26.4,"0"
50843,2.56,2.55,9.21,25.55,"0"
30031,2.51,4.98,10.65,26.51,"0"
39683,2.65,2.95,8.02,28.64,"0"
31768,2.76,5.62,10.16,26.76,"0"
42026,2.91,5.38,9.34,28.26,"0"
24868,2.65,5.96,13.2,27.84,"0"
32369,2.34,4.13,9.73,21.98,"0"
40324,2.61,3.98,8.72,30.96,"0"
59719,2.8,3.94,6.41,28.52,"0"
34181,2.57,7.55,9.18,25.35,"0"
51035,2.83,3.01,7.48,30.45,"0"
60688,3.04,2.97,5,23.75,"0"
55657,2.7,2.21,5.22,19.48,"0"
30067,2.48,6.53,10.45,25.76,"0"
29887,2.74,4.75,11.11,28.02,"0"
33219,2.91,5.87,4.98,22.68,"0"
23220,2.52,12.21,13.34,27.86,"0"
27373,2.55,2.4,9.64,24.07,"0"
37856,2.69,4.17,9.75,25.43,"0"
25007,2.49,4.05,13.62,23.82,"0"
34255,2.51,4.72,10.43,20.15,"0"
41224,2.9,5.21,9.86,27.73,"0"
49787,2.58,5.08,9.86,26,"0"
27095,2.62,1.93,13.33,27.69,"0"
30565,2.37,4.06,9.26,21.82,"0"
21105,2.79,7.38,13.01,28.26,"0"
46726,3.4,4.16,8.28,27.1,"0"
34929,2.95,9.78,12.2,28.72,"0"
58769,2.92,3.86,5.9,25.63,"0"
17884,2.27,11.12,12.07,21.63,"0"
101320,2.73,3.56,5.34,18.79,"0"
47106,2.8,3.83,7.33,24.95,"0"
45424,2.53,2.44,8.2,23.61,"0"
33410,2.39,4.85,8.25,22.81,"0"
48219,2.89,3.68,9.99,23.03,"0"
34158,2.1,3.93,7.47,10.71,"0"
32713,2.82,5.41,8.48,21.82,"0"
58995,3.22,3.68,4.56,22.82,"0"
65590,2.84,3.75,6.65,24.25,"0"
43578,2.37,4.11,10.85,23.65,"0"
32321,2.42,6.12,9.11,25.88,"0"
38433,2.77,4.48,14,34.37,"0"
40505,2.57,6.03,10.67,28.51,"0"
43832,2.72,5.4,9.92,28.95,"0"
25372,2.44,5.79,14.76,27.21,"0"
29624,3.83,6.09,5.85,30.7,"0"
36562,2.66,4.13,9.51,27.85,"0"
34825,2.65,4.18,12.46,40.65,"0"
45043,2.85,3.09,10.54,27.49,"0"
21619,2.37,4.84,13.64,26.36,"0"
25710,2.52,4.57,7.78,23.98,"0"
20518,2.48,3.72,12.83,25.18,"0"
23999,2.43,7.86,10.58,23.99,"0"
46082,2.72,5.56,6.68,24.41,"0"
37840,2.8,6.22,7.75,28.53,"0"
24103,3.27,8.29,10.26,28.5,"0"
43092,3.68,3.21,5.92,53.13,"0"
95134,3.04,3.62,4.98,24.53,"0"
26151,2.54,3.54,10.01,33.27,"0"
17161,3.02,7.5,6.94,50.47,"0"
29693,2.37,4.6,14.68,24.54,"0"
45892,2.35,2.69,12.8,18.3,"0"
19420,2.34,5.98,13.88,27.39,"0"
28282,2.54,6.11,12.82,26.51,"0"
27493,2.55,6.69,11.77,25.93,"0"
71996,2.96,1.32,6.28,18.83,"0"
26728,2.32,4.64,13.32,25.31,"0"
24353,2.6,5.06,10.69,24.28,"0"
31544,2.7,6.24,11.95,25.47,"0"
38017,2.56,4.13,10.84,24.93,"0"
34006,2.42,4.62,13.59,24.93,"0"
33000,2.86,3.92,9.53,26.61,"0"
34091,2.49,5.35,11.27,27.95,"0"
25505,2.52,3.99,9.04,25.13,"0"
48901,2.66,3.09,12.29,26.09,"0"
8866,2.96,28.94,18.77,32.03,"0"
33098,2.27,4.24,8.08,19.67,"0"
33120,2.3,3.35,10.72,23.37,"0"
27597,2.51,4.81,11.96,26.59,"0"
38792,2.64,5.43,11.67,28.51,"0"
14292,3.88,13.29,7.33,32.24,"0"
60274,2.87,5.9,6.27,23.41,"0"
38180,2.71,6.78,8.98,27.09,"0"
28382,3.18,7.14,9.73,43.03,"0"
43598,3.01,3.42,6.14,34.17,"0"
22954,2.3,7.48,12.03,16.28,"0"
38025,2.6,3.62,9.67,25.36,"0"
31954,2.43,5.88,8.96,24.3,"0"
47284,2.89,3.88,8.36,27.62,"0"
27900,2.24,8.65,9.96,17.97,"0"
31726,2.45,5.01,6.85,19.65,"0"
43937,2.75,5.94,8.96,26.35,"0"
32455,2.51,6.33,8.04,36.91,"0"
40268,2.88,6.58,7.78,26.18,"0"
32066,2.76,6.27,5.92,23.25,"0"
27230,2.71,10.34,14.31,26.84,"0"
80968,2.64,2.98,7.49,15.77,"0"
42160,3.07,5.66,7.14,30.98,"0"
60368,3.35,3.58,8.04,26.08,"0"
40926,2.49,4.23,7.41,19.89,"0"
20423,2.38,9.13,11.83,23.42,"0"
53693,3.09,3.54,7.5,24.32,"0"
46508,2.62,3.26,6.98,26.85,"0"
20321,2.68,7.9,13.77,31.23,"0"
23684,2.44,5.19,11.74,23.9,"0"
24553,3.58,5.41,7.68,46.53,"0"
47421,2.98,4.31,7.69,27.7,"0"
23485,3.3,8.2,12.94,31.32,"0"
45884,2.74,4.84,9.91,24.99,"0"
22253,2.8,5.64,7.98,23.68,"0"
43804,4.32,3.21,4.1,28.04,"0"
38822,2.93,7.19,10.81,30.55,"0"
36682,2.8,6.67,9.33,26.83,"0"
41524,2.67,2.67,9.43,26.9,"0"
23986,2.59,8.23,8.7,32.15,"0"
34372,2.62,6.95,11.12,26.68,"0"
27914,2.67,9.79,13.7,23.94,"0"
21904,2.33,7.23,12.63,21.59,"0"
27871,2.62,4.5,12.67,26.79,"0"
63032,2.92,3.85,6.44,22.83,"0"
46470,2.89,5.05,7.22,28.58,"0"
41806,2.97,6.95,8.98,28.09,"0"
22098,2.54,7.52,12.29,23.85,"0"
52798,2.98,5.03,7.9,27.04,"0"
38437,2.33,3.45,15.07,28.69,"0"
53768,2.68,3.91,7.61,23.98,"0"
30638,2.57,7.78,11.67,26.11,"0"
43244,2.98,4.44,6.63,25.18,"0"
34182,2.7,3.93,14.83,24.93,"0"
47335,2.77,4.07,7.89,22.49,"0"
26875,3.48,6.5,10.29,34.68,"0"
35855,2.47,3.31,9.55,23.25,"0"
18829,2.64,8.73,11.17,35.14,"0"
48481,2.95,3.55,8.24,23.78,"0"
41919,2.75,5.8,7.62,24.82,"0"
41586,2.6,5.56,9.07,27.13,"0"
61692,2.96,4.59,5.14,19.86,"0"
36582,2.74,2.07,8.41,32.59,"0"
22279,2.48,9.01,14.13,28.52,"0"
23745,2.52,7.28,15.75,23.93,"0"
23415,3.31,5.83,6.59,38.06,"0"
18107,2.6,6.84,11.56,30.08,"0"
32886,2.57,5.32,12.04,28.8,"0"
40633,2.86,3.52,8.88,25.69,"0"
29978,2.61,3.47,11.6,27.01,"0"
37082,2.56,4.91,7.38,22.99,"0"
35808,2.45,7.2,9.63,26.06,"0"
24265,2.92,5.69,6.91,39.82,"0"
34887,2.69,5.28,9.68,26.54,"0"
18346,2.45,7.18,9.27,39.51,"0"
38785,2.73,3.39,8.96,26.25,"0"
44130,2.69,4.58,9.47,24.67,"0"
45489,2.94,3.36,8.18,26.77,"0"
26826,2.58,5.06,9.53,25.84,"0"
39067,2.83,3.76,10.39,26.59,"0"
43376,2.87,4.65,6.2,30.27,"0"
31602,2.72,3.75,9.84,33.98,"0"
34726,2.77,5.34,13.08,28.27,"0"
47346,3.19,2.41,6.5,25.22,"0"
50859,2.39,3.41,11.46,24.66,"0"
44083,2.93,3.4,7.02,25.04,"0"
33488,2.55,7.69,10.91,26.02,"0"
51499,2.45,3.01,11.85,21.09,"0"
22186,2.44,6.59,12.32,20.75,"0"
38261,2.53,5.25,9.84,27.32,"0"
45598,2.25,4.8,8.56,28.82,"0"
54305,2.74,3.5,8.25,25.06,"0"
48210,2.81,2.81,5.58,23.6,"0"
28259,2.28,8.97,8.05,17.94,"0"
30144,2.69,5.87,12.25,30.86,"0"
31161,2.65,6.83,11.66,24.91,"0"
46119,3.02,2.93,5.67,25.15,"0"
57309,2.77,4.13,4.36,18.34,"0"
45713,2.78,5.04,7.04,24.06,"0"
34720,2.6,2.34,8.51,25.44,"0"
37952,2.97,5.29,8.64,27.62,"0"
23483,2.57,5.27,14.24,26.09,"0"
25550,2.6,7.85,13.82,26.78,"0"
25508,2.73,7.43,13,27.31,"0"
50095,2.65,4.08,5.6,21.98,"0"
24584,2.88,7.66,10.68,38.55,"0"
37230,2.78,5.7,9.02,24.46,"0"
28873,2.27,5.8,15.09,27.57,"0"
34704,2.67,6.57,9.32,25.82,"0"
49394,2.87,2.54,5.74,23.28,"0"
42477,4.94,7.83,2.9,65.98,"0"
84441,2.7,2.08,5.61,20.08,"0"
32624,2.66,2.91,9.13,26.69,"0"
52956,2.72,3.06,8.58,26.62,"0"
36006,2.63,3.72,12.61,34.3,"0"
75122,3.1,2.7,4.47,21.44,"0"
45165,2.85,8.24,8.14,28.78,"0"
24788,2.95,8.37,12.15,31.86,"0"
23642,2.56,5.25,13.78,26.4,"0"
63782,3.14,3.83,5.17,21.75,"0"
25797,2.53,3.67,7.32,25.03,"0"
18956,2.67,15.73,17.37,29.15,"0"
57132,2.95,2.25,4.16,20.09,"0"
22271,2.62,8.96,11.37,26.05,"0"
40926,2.69,3.86,12.51,24,"0"
38962,2.61,2.92,11.28,26.64,"0"
48483,2.76,2.81,5.14,20.71,"0"
25500,2.77,6.24,8.07,25.53,"0"
34826,2.72,4.29,13.3,29.08,"0"
36995,2.7,4.94,12.71,26.55,"0"
28989,2.5,5.59,10.95,24.39,"0"
35856,2.87,4.38,11.48,28.6,"0"
23201,3.29,17.3,16.28,31.61,"0"
37900,2.86,4.59,10.34,28.4,"0"
20743,2.85,4.15,10.68,27.91,"0"
61144,2.45,2.32,8.45,23.42,"0"
36271,2.9,3.86,10.69,32.58,"0"
26198,2.54,3.31,11.54,25.81,"0"
56856,2.86,3.95,10.33,26.2,"0"
48647,2.32,3.55,6.99,18.94,"0"
55248,2.47,2.54,6.58,20.6,"0"
74401,3.03,2.55,3.87,21.76,"0"
30469,2.43,5.95,11.22,24.79,"0"
51762,2.92,3.49,5.65,36.41,"0"
32534,2.63,5.98,12.75,25.97,"0"
50275,2.82,4,5.49,20.61,"0"
22550,2.87,6.3,9.96,42.55,"0"
21543,2.55,6.17,13.19,26.79,"0"
19118,2.68,8.33,13.75,32.55,"0"
17489,3.45,12.14,7.43,29.66,"0"
23207,2.73,9.17,12.06,39.91,"0"
26974,2.88,4.35,11.49,29.02,"0"
25787,2.4,4.24,15.17,27.04,"0"
38248,2.61,5.05,7.63,23.94,"0"
38432,2.45,4.76,10.45,25.53,"0"
36979,2.67,5.36,7.76,23.28,"0"
32645,2.41,7.28,10.7,29.41,"0"
50679,2.98,5.23,6.7,29.14,"0"
45550,2.84,4.11,10.56,26.4,"0"
20831,2.75,6.41,12.88,28.52,"0"
42474,2.67,5.48,8.04,22.9,"0"
42894,2.41,4.25,12.55,24.24,"0"
20905,2.47,9.73,12.05,26.47,"0"
26111,2.59,7.4,9.78,24.38,"0"
29961,2.64,12.1,13.02,27.14,"0"
31250,2.79,7.4,13.93,27.85,"0"
41495,2.47,5.54,10.72,24.68,"0"
36090,2.8,6.17,11.45,25.11,"0"
26668,2.45,4.82,13.08,24.34,"0"
35989,2.35,4.35,12.11,28.69,"0"
55465,2.82,3.19,10.29,26,"0"
56598,2.91,4.72,7.68,23.88,"0"
57561,2.9,2.78,7.68,24.36,"0"
50916,2.87,3.59,6.77,23.88,"0"
45127,2.84,4.24,11.52,25.7,"0"
19672,3.05,8.12,6.09,55.81,"0"
37161,2.42,2.32,9.97,21.93,"0"
41491,2.63,2.61,7.73,22.19,"0"
37397,2.78,6.1,6.9,22.99,"0"
47299,4.14,1.66,5.49,39.12,"0"
32955,2.27,4.89,12.43,28.47,"0"
110550,2.7,3.36,6.42,18.7,"0"
31063,2.63,5.55,13.14,23.6,"0"
27027,2.68,5.01,7.63,26.93,"0"
36211,2.56,5.13,11.51,26.89,"0"
39738,2.75,2.84,9.86,25.72,"0"
25221,2.55,7.89,14.1,28.5,"0"
34198,2.8,5.33,7.42,23.21,"0"
38488,2.71,4.97,10.25,28.9,"0"
47930,2.89,5.15,7.26,29.87,"0"
17645,3.32,17.59,8.04,29.1,"0"
27042,2.56,6.58,14.9,28.65,"0"
42453,2.49,3.53,13.03,28.84,"0"
42235,2.87,2.87,6.28,23.35,"0"
63533,2.88,2.64,6.03,24.76,"0"
36999,2.6,2.87,10.59,26.03,"0"
42240,2.72,4.43,3.77,20.29,"0"
28975,2.81,4.32,11.94,33.24,"0"
25943,2.69,8.04,10.29,24.55,"0"
40117,2.93,4.6,6.44,25.59,"0"
34061,2.62,2.46,8.84,24.14,"0"
35532,2.83,5.31,12.12,27.34,"0"
19030,2.6,9.19,13.21,30.13,"0"
66844,2.63,2.86,5.69,17.45,"0"
38068,2.81,3.69,10.34,27.21,"0"
34205,2.77,4.62,9.19,23.2,"0"
38605,2.55,1.97,10.41,27.15,"0"
26703,1.96,5.82,7.72,14.64,"0"
64333,3.71,4.28,5.63,26.3,"0"
53333,2.43,3.37,9.15,20.16,"0"
45999,2.57,3.19,9.26,22.26,"0"
19005,2.58,9.2,10.82,48.68,"0"
18501,2.59,6.22,7.13,51.91,"0"
42095,2.83,3.86,8.25,23.89,"0"
46970,2.53,3.09,9.32,23.03,"0"
46674,2.95,3.3,11,31.92,"0"
18551,2.5,9.44,10.29,45.34,"0"
59290,2.98,3.91,5.81,25.19,"0"
49851,2.67,2.57,8.64,20.33,"0"
25456,2.67,5.08,8.28,38.87,"0"
22194,2.79,5.96,6.76,45.62,"0"
44248,2.6,4.95,7.96,24.26,"0"
19906,2.53,9.04,14.52,23.49,"0"
39638,2.75,3.14,8.75,24.99,"0"
48864,2.68,3.61,8.65,24.41,"0"
21392,3.13,7.56,5.29,52.12,"0"
40776,2.63,5.36,9.58,24.54,"0"
51128,2.44,3.94,10.31,21.46,"0"
33344,2.63,3.81,8.09,43.75,"0"
26541,2.45,7.98,11.47,27.25,"0"
36221,2.72,4.15,8.03,24.81,"0"
37302,2.49,3.13,10.72,25.45,"0"
