,householdsize,PctUnemployed,medIncome,PolicReqPerOffic,TotalPctDiv,PctNotHSGrad,violent_crime_occurence
0,3.1,2.7,75122,0.0,4.47,9.9,0
1,2.82,2.43,47917,0.0,5.42,13.72,0
2,2.43,4.01,35669,0.0,12.55,9.09,0
3,2.4,9.86,20580,0.0,12.91,33.68,0
4,2.76,9.08,17390,0.0,9.73,23.06,0
5,2.45,5.72,21577,0.0,13.04,23.03,0
6,2.6,4.85,42805,0.0,7.64,13.89,0
7,2.45,8.19,23221,0.0,14.94,28.67,0
8,2.46,4.18,25326,0.0,8.64,11.27,0
9,2.62,8.39,17852,370.9,12.97,31.62,1
10,2.54,7.19,24763,0.0,13.53,24.86,1
11,2.89,10.16,25479,0.0,16.57,34.18,1
12,2.54,6.93,20043,0.0,11.95,28.52,1
13,2.74,11.05,19143,359.5,12.74,34.5,1
14,2.53,3.67,25797,0.0,7.32,25.41,0
15,2.69,4.17,37856,0.0,9.75,14.64,0
16,2.85,4.01,44635,0.0,8.38,21.62,0
17,2.62,6.95,34372,1245.5,11.12,22.83,0
18,2.67,2.57,49851,0.0,8.64,5.95,0
19,2.6,4.99,35048,983.1,12.77,12.19,1
20,2.77,3.24,51314,0.0,9.09,5.56,0
21,2.6,8.98,29823,324.6,11.77,31.68,1
22,3.34,3.5,29043,0.0,9.33,15.83,1
23,2.36,3.14,32221,0.0,11.94,17.61,0
24,2.63,5.39,34934,0.0,11.99,14.21,1
25,2.54,3.31,26198,0.0,11.54,22.43,0
26,2.35,2.69,45892,0.0,12.8,7.59,0
27,2.7,7.07,28108,0.0,16.22,21.49,1
28,2.6,6.5,23258,0.0,12.15,26.49,1
29,2.86,8.34,22052,0.0,14.22,37.55,1
30,2.8,13.93,14874,0.0,11.08,44.84,1
31,3.84,11.24,18395,797.9,8.73,51.16,1
32,2.36,8.97,22166,0.0,10.7,31.33,0
33,3.03,5.73,36618,0.0,9.06,13.97,0
34,2.67,5.13,34372,0.0,11.89,17.5,1
35,2.71,10.34,27230,0.0,14.31,30.95,0
36,2.6,7.91,18499,0.0,14.13,43.91,1
37,4.17,5.1,51594,0.0,9.94,24.25,1
38,2.95,12.45,18060,0.0,13.52,38.54,1
39,2.37,2.43,54658,0.0,11.26,8.38,0
40,2.76,7.71,23534,672.8,12.12,29.08,0
41,2.49,8.67,21688,0.0,12.63,31.19,1
42,2.87,14.4,21962,493.7,17.89,37.61,0
43,2.82,7.06,26125,0.0,11.0,36.09,1
44,2.36,5.68,22446,0.0,13.39,37.05,1
45,2.66,5.55,38742,0.0,7.69,20.23,0
46,2.09,1.84,53419,0.0,16.9,5.87,1
47,3.59,12.26,16180,0.0,10.59,61.8,0
48,2.64,5.13,31103,0.0,11.33,21.43,0
49,2.86,5.18,36091,0.0,9.66,18.63,0
50,2.49,7.01,19985,0.0,12.75,39.87,0
51,2.2,3.8,54348,592.2,12.23,10.57,1
52,2.87,4.65,43376,0.0,6.2,9.16,0
53,2.59,10.98,22439,0.0,14.6,30.32,0
54,2.54,9.92,24819,514.2,13.62,26.84,1
55,2.63,9.62,24603,840.2,12.53,35.69,1
56,2.8,3.94,59719,0.0,6.41,8.34,0
57,2.34,4.21,32704,0.0,10.31,15.77,0
58,2.63,5.97,23726,443.2,11.25,30.52,1
59,2.92,3.37,36770,0.0,9.11,13.22,0
60,2.49,7.46,19433,0.0,12.75,37.36,1
61,2.83,4.74,35934,459.1,13.21,18.76,1
62,2.7,4.94,36995,0.0,12.71,13.06,0
63,2.49,6.85,23056,0.0,10.14,25.73,0
64,2.88,3.13,49143,0.0,5.81,11.01,0
65,2.67,6.42,31235,0.0,10.46,16.34,0
66,2.82,5.41,32713,0.0,8.48,25.83,0
67,2.16,6.62,23773,0.0,11.16,21.74,0
68,2.36,7.11,19923,840.3,14.23,29.21,1
69,2.28,5.99,25649,0.0,15.37,25.51,0
70,2.5,3.28,41736,0.0,9.4,8.76,0
71,2.79,3.75,58194,0.0,6.47,12.02,0
72,2.6,3.44,45481,0.0,8.57,20.02,0
73,2.46,8.52,20569,0.0,11.36,31.36,1
74,3.86,3.56,43971,0.0,6.38,6.93,0
75,2.9,2.42,52208,0.0,7.31,7.8,0
76,2.91,6.2,42549,0.0,10.75,16.57,0
77,2.49,9.5,18357,0.0,13.15,33.47,1
78,2.49,8.12,21748,693.2,14.15,21.39,1
79,2.94,4.1,41944,0.0,9.3,18.12,0
80,2.62,8.51,19157,0.0,10.51,41.2,1
81,2.51,5.12,30591,0.0,12.53,11.2,0
82,2.76,7.31,37683,0.0,12.32,14.63,1
83,2.29,3.05,34644,0.0,7.8,16.84,0
84,2.52,3.78,34639,0.0,11.31,12.12,0
85,2.86,4.57,41028,0.0,11.2,12.99,0
86,2.46,4.48,23744,0.0,10.57,30.01,0
87,2.7,2.71,62420,0.0,5.8,9.49,0
88,2.47,7.22,33411,0.0,10.93,11.27,1
89,2.66,4.17,46499,0.0,7.38,16.92,0
90,2.34,6.16,25592,422.6,16.07,17.1,1
91,2.95,3.3,46674,0.0,11.0,15.79,0
92,2.53,3.95,47204,334.0,11.64,12.38,1
93,4.32,3.21,43804,0.0,4.1,9.1,0
94,2.59,3.82,42962,0.0,13.43,18.45,1
95,2.47,3.31,35855,0.0,9.55,21.66,0
96,3.01,2.29,53665,0.0,6.16,9.45,0
97,2.46,5.66,26654,0.0,9.08,26.53,0
98,2.67,5.08,25456,0.0,8.28,14.24,0
99,2.66,9.25,25811,371.8,12.44,28.97,1
100,2.66,8.37,18095,0.0,14.97,49.27,1
101,2.87,6.76,36724,0.0,11.36,21.38,0
102,2.76,2.81,48483,0.0,5.14,12.33,0
103,2.67,9.13,19063,0.0,10.44,39.06,1
104,2.57,5.64,29576,0.0,8.45,20.21,0
105,2.75,4.78,37073,0.0,12.03,15.38,1
106,3.29,11.09,24292,0.0,12.74,42.85,1
107,2.7,3.93,34182,0.0,14.83,14.97,0
108,2.62,4.82,25168,0.0,9.2,21.39,0
109,2.11,4.77,30141,0.0,19.11,15.18,1
110,3.42,3.52,53710,0.0,13.69,14.13,0
111,2.69,3.31,51253,0.0,10.85,12.59,0
112,2.45,3.62,32877,0.0,12.39,18.08,1
113,2.47,5.56,23453,974.6,11.51,14.48,1
114,3.68,3.21,43092,0.0,5.92,11.6,0
115,3.13,7.56,21392,0.0,5.29,19.79,0
116,2.56,5.25,23642,0.0,13.78,25.24,0
117,2.47,2.63,44335,0.0,12.84,7.51,0
118,2.82,2.94,48889,0.0,8.64,12.9,0
119,2.79,5.96,22194,0.0,6.76,20.01,0
120,2.8,7.85,31671,0.0,13.1,23.84,1
121,2.71,3.08,49900,0.0,8.91,16.13,0
122,2.59,8.74,21407,1077.1,14.39,31.67,1
123,2.3,3.61,32405,0.0,10.51,11.92,0
124,2.67,8.15,21238,0.0,12.16,35.92,1
125,2.58,6.72,25141,0.0,12.13,31.91,0
126,2.58,5.93,27148,0.0,11.46,20.68,0
127,2.86,8.34,30925,660.7,12.26,33.0,1
128,2.76,7.53,33969,0.0,8.63,42.64,1
129,2.93,4.6,40117,0.0,6.44,26.72,0
130,2.47,9.73,20905,0.0,12.05,22.68,0
131,2.72,7.38,29088,0.0,11.28,30.11,0
132,2.9,4.98,35575,0.0,10.18,22.08,0
133,3.66,4.37,28655,0.0,10.62,22.08,1
134,2.66,3.09,48901,0.0,12.29,10.57,0
135,2.67,4.91,22059,0.0,8.97,12.8,1
136,2.53,10.38,20711,0.0,13.43,27.85,1
137,2.95,5.7,31262,0.0,9.33,19.48,0
138,2.54,4.16,36864,0.0,10.45,14.77,0
139,2.34,8.01,20461,0.0,13.17,30.81,0
140,2.36,8.12,22192,570.8,15.82,16.79,1
141,2.7,6.45,22996,0.0,10.88,15.88,0
142,2.38,10.96,21762,0.0,15.23,26.57,0
143,3.29,5.4,21221,0.0,10.37,22.13,1
144,3.05,6.21,37156,0.0,7.39,29.43,0
145,2.63,3.81,33344,343.8,8.09,6.08,0
146,2.75,5.47,43419,0.0,10.46,13.71,0
147,2.25,8.89,23269,0.0,16.77,39.4,1
148,2.44,5.19,23684,0.0,11.74,26.28,0
149,2.71,2.38,44735,0.0,6.88,10.83,0
150,2.81,10.87,25655,387.4,14.53,49.46,1
151,2.51,3.4,60462,0.0,11.7,4.96,0
152,2.61,18.29,20176,429.3,17.92,30.71,0
153,3.28,8.85,28289,403.2,8.74,34.0,1
154,2.86,8.38,19397,0.0,11.92,37.41,1
155,3.37,10.6,29206,0.0,14.87,39.39,1
156,3.11,3.1,70287,0.0,4.82,4.95,0
157,2.85,3.09,45043,0.0,10.54,10.8,0
158,2.86,13.03,18506,0.0,12.05,42.88,0
159,2.93,3.4,44083,0.0,7.02,19.5,0
160,2.75,5.92,28998,0.0,12.07,36.6,0
161,2.63,3.8,36972,0.0,5.69,17.7,0
162,2.83,5.69,34179,0.0,11.17,28.19,0
163,2.99,5.71,31617,0.0,10.01,37.21,0
164,2.88,12.4,20864,0.0,14.44,37.84,1
165,2.44,7.56,20745,0.0,11.41,35.01,1
166,2.44,6.54,22772,766.1,16.66,29.37,1
167,2.5,7.43,27489,581.6,15.58,26.55,1
168,2.9,5.51,20859,0.0,8.35,28.18,0
169,2.46,4.73,24714,0.0,11.97,14.77,0
170,2.49,6.64,24814,0.0,15.61,27.56,1
171,2.4,4.13,42971,0.0,14.22,15.85,1
172,2.88,4.35,26974,0.0,11.49,20.89,0
173,2.5,8.63,22112,378.3,14.07,41.57,1
174,2.89,10.69,17826,0.0,7.37,21.53,1
175,2.67,9.43,32165,893.9,16.07,23.31,1
176,2.73,7.65,37701,0.0,7.94,26.02,0
177,2.67,3.5,36809,0.0,9.17,19.75,0
178,2.77,4.1,29661,0.0,9.98,14.45,0
179,3.2,19.22,14994,0.0,10.6,51.9,0
180,2.72,10.89,15917,0.0,13.35,39.46,1
181,2.8,5.33,34198,0.0,7.42,22.93,0
182,3.45,12.14,17489,0.0,7.43,47.39,0
183,2.76,7.94,30524,0.0,10.19,30.12,0
184,2.56,2.55,50843,0.0,9.21,10.1,0
185,2.67,5.67,23462,0.0,11.09,23.42,0
186,2.57,4.17,40313,456.7,15.0,16.52,0
187,2.84,4.24,45171,0.0,13.42,14.1,0
188,3.17,3.64,64338,0.0,6.55,9.98,1
189,2.57,9.88,19474,0.0,16.23,21.66,1
190,2.51,2.43,34466,0.0,10.8,15.5,0
191,2.55,3.32,26614,0.0,12.93,26.25,0
192,3.11,3.12,77530,0.0,5.15,6.98,0
193,3.04,7.0,38532,0.0,12.46,23.51,1
194,2.89,2.9,61058,0.0,8.93,6.33,0
195,2.7,6.54,31938,946.2,13.78,24.49,1
196,2.47,7.22,23370,363.4,10.8,18.58,0
197,2.41,8.57,19829,0.0,14.2,38.97,1
198,3.18,5.76,43555,0.0,9.9,23.88,0
199,2.58,5.42,39603,0.0,9.33,12.89,0
200,2.94,3.85,43428,477.1,9.68,10.81,0
201,2.9,2.81,50798,0.0,6.47,15.75,0
202,2.74,11.36,30160,0.0,12.9,27.6,0
203,2.66,4.12,42019,0.0,11.65,15.96,0
204,2.81,7.67,21864,0.0,12.97,30.5,1
205,2.49,7.06,25741,551.6,15.53,21.78,1
206,2.88,9.97,21946,0.0,11.21,35.51,1
207,3.11,9.97,18962,0.0,10.33,41.74,1
208,2.4,4.52,20189,0.0,11.07,22.38,0
209,3.62,1.71,47790,0.0,9.8,5.88,0
210,2.59,7.4,22610,0.0,14.75,17.96,1
211,2.58,5.21,25740,0.0,11.54,15.07,0
212,3.2,2.5,54364,0.0,8.12,11.15,0
213,2.78,2.42,59020,0.0,6.45,7.79,0
214,3.41,14.95,22032,0.0,8.21,50.72,1
215,2.57,2.92,37156,0.0,11.42,7.82,0
216,2.4,4.24,25787,0.0,15.17,14.69,0
217,2.71,2.86,70000,0.0,7.89,6.81,0
218,2.68,6.09,24955,0.0,11.55,16.93,0
219,2.28,12.8,16600,0.0,17.75,38.79,1
220,2.58,7.69,21174,0.0,16.27,25.24,0
221,2.65,10.08,25385,0.0,13.26,26.83,0
222,2.57,4.97,39087,0.0,8.53,11.52,0
223,2.59,9.03,16997,0.0,13.13,36.81,0
224,2.67,7.41,34850,0.0,11.96,29.22,1
225,2.41,3.91,32002,0.0,11.53,15.17,0
226,3.11,14.52,14509,0.0,11.04,32.7,1
227,2.62,1.93,27095,0.0,13.33,25.0,0
228,2.52,8.5,18743,0.0,13.34,34.74,1
229,2.5,3.95,43109,0.0,7.51,22.97,0
230,2.84,4.11,45550,0.0,10.56,12.0,0
231,2.74,2.75,35301,0.0,9.73,16.07,0
232,2.81,3.69,38068,0.0,10.34,16.66,0
233,2.28,5.26,28824,0.0,10.86,26.93,1
234,2.83,2.46,61524,0.0,7.12,10.04,0
235,2.45,4.19,27373,0.0,12.44,15.93,0
236,2.69,4.58,44130,0.0,9.47,13.65,0
237,2.54,9.45,18004,0.0,14.29,31.39,0
238,2.17,5.97,18514,0.0,13.98,32.74,0
239,2.6,2.17,37461,0.0,10.35,16.98,0
240,3.29,5.61,47121,0.0,9.98,15.27,0
241,2.51,4.59,42464,0.0,8.07,21.54,0
242,2.62,8.18,30200,0.0,13.0,24.27,0
243,2.87,5.9,60274,0.0,6.27,5.83,0
244,2.53,7.53,19205,0.0,12.73,32.44,0
245,2.54,4.97,29833,0.0,11.7,21.1,0
246,2.94,11.79,22224,0.0,13.73,42.12,1
247,2.58,5.17,31503,0.0,7.62,20.07,0
248,2.55,6.69,35911,241.9,9.33,31.78,1
249,2.73,9.17,23207,416.7,12.06,20.41,0
250,2.68,6.32,25982,0.0,15.97,35.51,1
251,2.8,2.5,61271,0.0,8.51,10.16,0
252,2.81,2.99,66760,0.0,5.66,8.81,0
253,2.84,4.24,45127,0.0,11.52,12.4,0
254,3.53,7.17,43882,0.0,10.68,28.65,1
255,2.12,7.32,23028,0.0,4.41,38.7,0
256,2.62,8.96,22271,0.0,11.37,31.67,0
257,2.81,4.05,36415,0.0,9.8,18.87,0
258,2.64,4.66,36843,0.0,13.64,19.32,1
259,2.43,5.91,26680,0.0,13.48,19.67,1
260,2.42,6.7,28261,0.0,9.32,26.07,0
261,2.39,5.11,21372,0.0,14.15,41.63,1
262,3.02,3.74,35951,0.0,9.45,23.12,0
263,2.46,4.7,36222,0.0,15.92,20.68,1
264,2.65,5.5,44142,322.2,9.4,18.1,0
265,2.41,8.22,26272,476.9,15.55,25.97,0
266,2.39,7.44,18519,0.0,14.84,28.76,1
267,2.53,4.52,27111,0.0,8.87,21.86,0
268,2.25,3.38,51913,0.0,15.62,9.58,1
269,2.35,7.76,20213,0.0,14.22,33.58,1
270,2.67,7.09,27824,0.0,11.25,27.39,0
271,2.53,6.82,20950,0.0,12.36,24.71,0
272,2.45,3.01,51499,0.0,11.85,3.44,0
273,2.34,5.5,28388,652.2,18.67,18.06,1
274,2.66,5.1,32596,0.0,8.75,33.24,0
275,2.91,4.16,42822,0.0,8.6,15.79,0
276,2.54,6.11,28282,0.0,12.82,25.24,0
277,4.1,9.23,33273,0.0,10.37,49.37,1
278,2.14,3.27,45529,0.0,11.39,5.64,0
279,2.52,3.99,25505,0.0,9.04,24.61,0
280,2.48,4.78,32356,0.0,8.53,19.96,0
281,2.68,3.24,43379,0.0,10.78,7.72,0
282,2.93,2.38,60979,0.0,5.81,4.54,0
283,3.26,10.99,32857,0.0,10.16,36.73,1
284,2.72,5.56,46082,0.0,6.68,22.79,0
285,2.52,5.96,30534,544.0,12.17,15.88,1
286,2.38,6.92,35858,0.0,8.95,17.25,0
287,2.72,3.43,46612,0.0,9.36,4.04,0
288,3.09,3.41,50611,0.0,7.22,4.61,0
289,2.84,6.92,26615,0.0,11.65,37.12,1
290,2.73,5.17,39014,1295.5,11.9,11.62,0
291,2.32,4.21,26640,0.0,11.23,21.34,0
292,2.59,11.0,23491,0.0,16.73,25.73,1
293,2.45,7.98,26541,517.2,11.47,38.37,0
294,2.47,5.8,28024,827.4,13.58,18.13,1
295,2.83,2.73,59724,0.0,7.02,11.87,0
296,2.47,7.71,22430,0.0,13.45,27.19,0
297,3.19,9.73,28611,0.0,10.96,35.87,1
298,2.4,5.58,22697,365.3,13.83,16.96,1
299,2.97,3.77,39904,0.0,10.1,9.91,0
300,2.84,10.62,18593,0.0,13.56,37.86,1
301,2.66,10.58,16331,0.0,14.46,42.18,1
302,2.32,4.91,32615,0.0,12.07,14.4,0
303,2.06,2.57,29547,0.0,14.64,14.56,0
304,2.21,4.87,28791,0.0,13.07,15.86,0
305,2.87,7.8,30967,0.0,10.56,28.94,0
306,1.86,3.96,27834,0.0,8.84,19.28,0
307,2.48,9.11,21468,0.0,12.99,32.58,1
308,2.26,6.84,24127,0.0,13.21,21.56,1
309,2.48,13.05,17658,0.0,15.49,37.81,1
310,2.71,5.34,25268,0.0,13.4,32.03,1
311,2.81,2.64,45474,0.0,9.89,7.91,0
312,2.68,3.06,43620,0.0,9.83,5.49,0
313,2.51,3.05,32979,0.0,7.66,28.14,0
314,2.6,2.93,52126,0.0,5.81,13.63,0
315,3.4,7.31,42186,0.0,10.17,18.18,1
316,2.55,2.4,27373,0.0,9.64,15.2,0
317,2.84,3.75,65590,0.0,6.65,6.7,0
318,2.98,7.81,24596,0.0,8.89,12.34,0
319,2.32,3.09,34506,0.0,10.69,13.22,0
320,2.65,2.95,39683,0.0,8.02,13.83,0
321,2.78,4.09,48776,0.0,5.91,18.96,0
322,2.6,3.9,47518,0.0,10.26,10.47,0
323,2.73,7.43,25508,0.0,13.0,25.37,0
324,2.49,4.22,31877,0.0,10.78,14.54,0
325,2.55,4.52,29032,0.0,11.97,23.52,0
326,2.57,4.8,44109,0.0,7.27,12.3,0
327,2.79,4.18,49004,0.0,6.47,17.63,0
328,2.55,6.56,29450,0.0,12.5,23.23,1
329,2.3,7.48,22954,0.0,12.03,22.55,0
330,2.42,5.67,23963,526.8,13.85,27.54,1
331,3.18,4.92,17886,0.0,4.1,3.27,0
332,2.6,4.88,21615,0.0,7.8,25.32,0
333,2.41,5.19,23700,0.0,15.04,26.15,0
334,3.08,3.61,70919,0.0,9.34,7.13,0
335,2.64,6.29,25075,0.0,12.29,30.81,1
336,2.17,2.8,42487,0.0,12.86,11.75,0
337,2.33,2.06,34859,0.0,11.35,7.56,0
338,2.37,4.11,43578,0.0,10.85,14.02,0
339,2.38,2.28,36215,0.0,9.14,17.21,0
340,2.69,8.04,25943,0.0,10.29,23.66,0
341,2.43,10.31,20329,468.9,17.1,32.78,1
342,3.21,4.05,35018,0.0,9.74,11.27,0
343,2.4,11.58,18482,530.7,12.96,32.71,1
344,2.8,10.85,21885,647.8,14.81,33.63,1
345,2.87,5.42,31489,0.0,13.34,24.21,0
346,2.52,4.35,31177,0.0,9.28,18.63,0
347,2.49,7.04,33311,0.0,10.17,33.67,0
348,2.75,19.67,18742,369.9,17.88,37.85,0
349,2.23,4.69,24884,256.8,16.51,23.64,1
350,2.77,4.7,40018,0.0,10.8,9.28,0
351,2.59,4.87,25790,0.0,13.75,29.55,1
352,2.9,6.83,29463,0.0,12.33,24.77,1
353,2.71,3.62,39437,0.0,7.5,15.34,0
354,2.21,7.2,31146,0.0,11.22,25.41,1
355,2.8,6.67,36682,0.0,9.33,25.45,0
356,2.98,7.12,26136,0.0,9.23,38.5,0
357,2.97,8.74,19970,0.0,11.83,44.73,1
358,2.67,5.23,35615,0.0,10.94,9.36,0
359,2.83,5.47,29590,0.0,10.09,9.86,0
360,2.59,4.1,24869,0.0,12.47,16.16,1
361,2.63,6.89,30967,752.9,15.38,26.11,1
362,2.65,7.77,22102,367.0,14.93,29.91,1
363,2.6,3.62,38025,0.0,9.67,23.91,0
364,2.4,8.0,26179,0.0,15.25,37.57,0
365,2.72,3.06,52956,0.0,8.58,3.0,0
366,2.64,6.63,22661,0.0,9.47,20.99,1
367,2.38,2.86,28121,0.0,15.89,20.15,1
368,2.69,8.24,20810,0.0,12.61,39.28,1
369,2.63,3.8,65072,242.6,7.73,11.26,0
370,2.56,7.6,28183,507.1,15.82,23.06,1
371,2.38,6.59,24462,365.6,13.44,26.03,1
372,2.51,6.55,21060,434.3,9.61,29.59,0
373,2.77,4.72,34978,0.0,7.18,18.18,0
374,2.34,5.98,19420,0.0,13.88,27.03,0
375,2.6,4.64,32420,0.0,16.58,17.7,0
376,3.26,2.65,47517,0.0,7.03,16.88,0
377,2.58,9.74,27301,0.0,14.8,34.43,1
378,3.85,10.81,27279,0.0,9.33,59.05,1
379,2.66,7.43,26547,0.0,15.02,28.38,1
380,2.9,5.46,34492,0.0,9.74,19.36,1
381,2.52,4.66,24676,0.0,11.39,32.53,0
382,2.55,2.18,21344,0.0,8.8,20.81,0
383,2.82,4.79,35794,0.0,12.42,22.05,1
384,2.71,4.61,46885,0.0,8.6,13.96,0
385,4.14,1.66,47299,0.0,5.49,2.93,0
386,2.56,10.72,14555,0.0,13.67,31.18,1
387,2.16,3.01,60374,449.8,14.45,4.69,0
388,2.54,4.07,45964,0.0,15.45,11.68,0
389,2.87,5.36,32493,0.0,9.48,25.0,1
390,2.6,5.41,52442,357.1,10.52,13.03,0
391,2.99,5.32,30469,0.0,8.06,26.19,0
392,2.45,1.87,53140,0.0,7.3,4.29,0
393,2.61,9.38,21352,0.0,13.58,30.6,1
394,2.93,4.3,46116,0.0,10.68,16.32,0
395,3.09,5.29,40378,0.0,10.15,16.84,0
396,2.95,9.78,34929,0.0,12.2,31.06,0
397,2.95,6.41,45397,0.0,8.13,19.0,0
398,2.47,5.39,22783,0.0,10.87,21.71,1
399,2.67,3.64,45828,0.0,9.67,11.38,0
400,2.28,3.35,24947,0.0,11.06,34.12,0
401,2.67,5.82,31510,0.0,10.31,14.19,0
402,2.63,3.03,47629,0.0,7.5,10.13,0
403,2.58,11.85,14579,0.0,15.99,40.75,1
404,2.56,2.57,40602,0.0,8.24,17.23,0
405,2.56,8.98,23819,0.0,12.23,30.64,0
406,2.42,9.15,22806,0.0,13.7,25.4,0
407,3.14,3.25,57484,0.0,6.07,13.81,0
408,3.52,6.62,36383,0.0,9.25,43.5,1
409,2.51,4.98,30031,0.0,10.65,23.2,0
410,2.52,7.28,26684,0.0,12.37,26.21,0
411,2.38,3.45,26500,0.0,12.64,29.67,1
412,2.79,5.39,38802,0.0,14.14,17.51,0
413,3.11,3.64,43218,0.0,7.5,8.53,0
414,3.04,8.66,31561,0.0,14.59,25.62,1
415,2.5,5.13,32793,0.0,13.61,23.61,1
416,2.5,7.82,24131,1129.8,13.0,28.02,1
417,2.1,4.98,26233,0.0,13.55,22.5,1
418,2.09,4.36,40934,0.0,10.23,14.88,0
419,2.54,6.09,36526,0.0,10.35,26.23,0
420,2.9,3.18,62021,0.0,4.6,11.01,0
421,2.76,3.03,54834,0.0,7.51,12.1,0
422,3.31,8.12,36233,0.0,12.01,26.81,1
423,2.61,5.3,25910,0.0,13.37,37.58,1
424,2.75,9.91,30529,341.6,13.37,34.13,1
425,2.22,6.16,34873,381.7,10.12,30.22,1
426,3.17,9.65,20858,0.0,9.72,40.73,1
427,2.52,3.93,34472,0.0,10.73,22.19,0
428,2.55,4.31,24929,0.0,11.45,23.74,0
429,2.34,3.2,37025,0.0,12.09,11.12,1
430,2.44,5.79,25372,0.0,14.76,25.4,0
431,2.49,5.35,34091,0.0,11.27,21.36,0
432,2.9,2.27,66930,0.0,5.83,7.08,0
433,2.74,4.04,46057,0.0,7.41,21.69,0
434,2.68,6.81,23886,0.0,9.49,24.81,1
435,2.49,6.92,22276,0.0,11.96,34.35,1
436,2.88,4.33,29324,0.0,8.84,34.22,0
437,2.78,3.64,65994,0.0,5.88,5.96,0
438,2.42,7.06,25759,0.0,10.47,21.56,0
439,2.45,7.53,25535,0.0,14.49,22.09,0
440,2.69,5.28,34887,0.0,9.68,32.12,0
441,2.7,3.36,110550,0.0,6.42,4.27,0
442,2.73,6.45,30739,0.0,13.64,27.68,1
443,2.79,7.55,17254,0.0,8.55,32.68,0
444,2.85,5.81,42044,0.0,8.04,17.46,0
445,3.42,2.67,83975,0.0,3.92,12.06,0
446,2.56,3.76,41875,0.0,9.68,16.81,0
447,2.84,5.53,30896,0.0,12.66,19.47,0
448,3.05,8.12,19672,0.0,6.09,16.0,0
449,2.48,8.5,20585,0.0,14.1,32.0,0
450,2.72,4.15,36221,0.0,8.03,19.76,0
451,2.5,5.26,35951,0.0,11.7,19.78,0
452,2.45,5.01,31726,0.0,6.85,33.85,0
453,2.41,5.0,39651,0.0,9.64,19.73,0
454,2.37,6.2,33414,731.6,11.9,21.98,1
455,2.78,5.35,38907,0.0,13.54,17.52,1
456,2.67,5.52,23212,0.0,8.21,7.93,0
457,3.33,8.61,33313,0.0,12.04,40.94,1
458,2.17,4.82,41040,0.0,10.05,12.67,0
459,3.09,5.37,39916,0.0,9.94,24.15,0
460,2.56,5.13,36211,386.0,11.51,27.41,0
461,1.94,4.81,35997,697.4,16.26,12.51,1
462,2.78,2.63,64538,0.0,6.52,5.48,0
463,2.6,6.33,28496,0.0,10.2,33.06,0
464,2.62,2.46,34061,0.0,8.84,15.88,0
465,2.68,5.84,30287,0.0,11.27,17.89,1
466,2.65,4.36,31833,0.0,12.79,16.35,0
467,2.58,8.85,22032,498.8,12.17,27.67,1
468,3.65,5.85,21162,0.0,4.58,10.15,0
469,2.51,7.5,24051,0.0,12.19,36.26,0
470,2.74,7.35,26809,406.1,12.35,23.55,0
471,2.48,5.73,25324,0.0,10.32,23.31,0
472,2.62,5.11,33646,0.0,9.03,19.16,0
473,3.07,4.9,17738,0.0,6.35,13.3,0
474,2.75,6.6,25698,0.0,11.15,15.5,1
475,2.8,4.74,37500,0.0,9.52,19.1,0
476,2.45,3.51,36431,0.0,10.53,18.2,0
477,2.96,2.55,48137,0.0,8.08,8.46,0
478,2.54,9.86,22100,0.0,10.93,31.84,1
479,2.32,8.03,32332,0.0,9.45,30.42,0
480,3.02,2.84,60900,0.0,4.41,7.47,0
481,2.31,10.56,16442,0.0,13.57,31.86,1
482,3.35,4.23,46027,0.0,6.3,7.65,0
483,2.91,11.85,26372,0.0,16.17,28.95,1
484,2.42,5.58,29133,0.0,12.7,30.85,0
485,2.22,6.77,25106,728.4,16.61,20.8,1
486,3.27,8.29,24103,0.0,10.26,46.07,0
487,2.95,5.55,40321,0.0,8.13,21.5,0
488,2.97,4.53,32984,0.0,11.77,17.79,0
489,2.63,3.53,38122,0.0,13.3,11.89,1
490,2.47,4.22,25976,0.0,9.65,23.96,0
491,2.69,4.45,42783,0.0,8.94,19.84,0
492,2.6,3.66,38531,0.0,10.55,14.85,0
493,2.57,3.19,45999,0.0,9.26,15.9,0
494,2.77,7.25,25918,327.1,12.71,18.56,1
495,2.38,8.38,17985,0.0,12.26,26.87,0
496,2.62,6.47,22210,308.9,14.52,38.62,1
497,2.63,10.56,21225,303.7,13.29,30.58,1
498,2.62,5.21,51173,0.0,10.66,10.6,0
499,2.79,5.82,27154,0.0,5.98,21.41,1
500,2.63,3.63,47347,0.0,9.73,11.12,0
501,2.94,4.52,53130,0.0,4.85,7.96,0
502,2.55,8.28,21881,0.0,13.57,36.9,1
503,2.77,2.08,71905,0.0,6.19,7.67,0
504,3.42,9.83,25976,0.0,11.59,48.01,1
505,2.56,3.17,34891,0.0,13.27,22.1,1
506,2.6,3.24,61572,0.0,8.68,3.24,0
507,2.84,5.23,37050,0.0,11.14,14.96,0
508,2.97,6.84,21312,0.0,6.17,9.64,0
509,2.7,3.63,55476,0.0,6.4,12.32,0
510,2.81,5.3,22476,0.0,6.31,15.13,0
511,2.66,5.93,27469,461.7,12.83,20.66,1
512,2.6,4.75,20970,0.0,11.29,39.6,0
513,2.77,2.57,54469,0.0,6.24,12.62,0
514,2.77,10.81,22514,0.0,12.51,36.72,1
515,3.04,10.21,24649,0.0,11.77,36.97,1
516,2.46,9.08,17805,0.0,12.14,46.73,0
517,2.72,12.39,16496,0.0,12.88,40.41,1
518,2.8,9.67,16162,0.0,11.07,38.26,0
519,2.92,9.6,31723,0.0,14.65,30.67,0
520,2.65,4.19,49660,0.0,13.3,9.59,0
521,3.0,4.36,59834,0.0,6.45,9.61,0
522,2.73,9.68,19456,0.0,14.39,37.38,1
523,2.91,6.05,31368,0.0,10.17,27.91,1
524,2.47,6.96,23933,0.0,15.36,31.74,1
525,2.36,5.37,35516,0.0,15.58,19.83,1
526,3.05,4.36,19635,0.0,4.28,17.41,0
527,2.45,6.47,18049,0.0,12.65,52.39,1
528,2.7,2.25,83275,0.0,5.1,7.27,0
529,2.55,5.44,35786,497.8,9.37,22.18,0
530,2.98,5.47,44492,0.0,8.09,12.3,0
531,2.92,3.86,58769,226.4,5.9,11.99,0
532,2.46,5.61,23835,0.0,13.61,26.71,1
533,2.51,8.32,29180,252.9,10.24,24.3,1
534,2.55,4.6,31998,0.0,9.67,20.6,0
535,2.64,2.84,57464,0.0,7.7,9.41,0
536,2.57,7.12,21183,0.0,14.83,26.28,0
537,2.89,6.83,18393,0.0,7.36,13.51,1
538,2.25,3.17,42431,0.0,14.85,13.37,0
539,3.11,3.09,47869,0.0,8.1,6.27,0
540,2.47,3.52,29420,363.5,9.32,9.38,0
541,2.62,9.0,18870,0.0,13.71,34.91,1
542,2.57,7.78,30638,0.0,11.67,32.44,0
543,2.57,5.32,32886,0.0,12.04,25.29,0
544,2.91,7.5,21219,0.0,8.85,17.84,0
545,3.01,9.73,40369,0.0,12.05,14.64,0
546,2.84,6.7,44734,0.0,6.81,12.43,0
547,2.56,6.74,27688,0.0,9.89,21.93,0
548,2.54,8.29,22194,0.0,18.77,25.0,1
549,2.81,9.91,27631,410.2,11.56,41.52,1
550,2.82,5.03,31155,0.0,13.51,29.64,0
551,2.97,6.29,25341,0.0,10.59,18.69,1
552,3.43,4.97,46101,0.0,6.57,7.5,0
553,3.21,11.04,26960,310.9,12.67,45.12,1
554,2.79,4.07,31308,0.0,12.0,17.79,1
555,2.74,2.07,36582,0.0,8.41,6.14,0
556,2.37,3.44,31793,0.0,13.27,21.19,0
557,2.64,2.98,80968,0.0,7.49,2.95,0
558,2.4,7.43,20134,0.0,12.08,34.2,0
559,3.32,7.37,35558,0.0,11.77,28.02,1
560,3.27,14.88,20393,0.0,10.56,52.91,1
561,3.46,6.41,29023,0.0,6.65,14.94,0
562,2.65,4.18,34825,0.0,12.46,18.18,0
563,2.74,8.71,19038,0.0,14.42,38.02,1
564,2.77,2.6,43486,0.0,8.09,12.77,0
565,3.05,2.94,42281,0.0,7.66,5.4,0
566,2.43,4.67,20146,0.0,8.36,24.49,0
567,3.1,3.49,49981,0.0,7.6,4.59,0
568,2.52,7.28,23745,0.0,15.75,23.31,0
569,2.49,4.23,40926,0.0,7.41,16.67,0
570,2.63,4.58,44672,0.0,6.5,20.42,0
571,2.54,7.41,21318,0.0,11.62,19.23,0
572,2.75,5.09,30743,0.0,7.47,21.81,0
573,2.43,3.03,43800,442.7,11.63,5.82,0
574,3.1,6.32,30535,0.0,6.96,12.51,0
575,2.37,4.6,29693,0.0,14.68,15.13,0
576,2.4,5.77,22265,0.0,4.81,11.77,0
577,2.62,6.16,41315,0.0,10.15,16.95,0
578,2.26,3.76,38956,0.0,13.27,8.76,1
579,2.96,8.43,33367,0.0,13.28,29.64,1
580,2.72,4.46,37764,0.0,10.28,25.29,0
581,2.98,4.6,25312,0.0,8.14,23.15,0
582,2.95,4.41,60634,0.0,4.67,16.25,0
583,2.63,9.35,21898,285.4,12.37,23.24,1
584,2.74,2.81,45764,0.0,9.4,13.89,0
585,2.5,5.53,20606,0.0,8.07,23.65,0
586,2.65,6.1,21645,0.0,13.52,40.08,1
587,2.77,7.2,24365,0.0,9.99,16.82,0
588,2.95,3.02,42530,0.0,8.12,17.05,0
589,2.65,9.85,18617,0.0,12.82,53.08,1
590,3.42,15.46,24128,0.0,7.91,46.11,1
591,2.24,6.68,15708,0.0,15.04,35.62,1
592,2.27,4.89,32955,0.0,12.43,25.96,0
593,3.56,8.13,17876,0.0,15.85,26.65,1
594,2.78,6.4,24568,0.0,13.36,33.24,0
595,2.71,4.37,25392,0.0,6.41,22.2,0
596,2.84,7.58,22807,0.0,11.91,33.58,1
597,3.01,2.81,100077,0.0,4.4,4.77,0
598,2.55,6.69,27493,0.0,11.77,23.27,0
599,2.59,2.39,29047,0.0,11.55,23.91,0
600,2.54,7.52,22098,0.0,12.29,20.68,0
601,3.04,10.0,29881,339.8,15.42,34.0,1
602,2.47,5.83,23156,0.0,12.72,23.5,0
603,2.5,7.01,25547,0.0,12.04,28.16,0
604,2.34,2.55,43043,0.0,12.3,8.37,0
605,2.53,8.17,18253,0.0,14.46,38.47,1
606,2.51,5.42,26770,285.2,10.54,19.15,0
607,2.58,8.07,14456,0.0,8.36,16.94,0
608,2.36,6.09,25708,478.9,15.18,17.74,1
609,3.36,4.6,50451,0.0,6.83,15.72,0
610,2.46,7.59,30786,0.0,9.73,27.07,1
611,2.71,5.46,45191,0.0,7.89,22.95,0
612,2.36,4.54,26472,0.0,11.0,20.23,0
613,2.96,2.42,53840,0.0,10.28,12.22,0
614,2.83,5.31,35532,0.0,12.12,11.26,0
615,2.47,7.07,31911,336.5,12.1,25.06,0
616,2.66,3.78,41149,0.0,6.35,10.34,0
617,2.62,5.96,30043,0.0,14.28,25.29,1
618,2.72,8.27,37889,0.0,10.59,20.07,1
619,2.4,8.52,14868,0.0,15.41,41.94,0
620,2.76,6.65,40059,0.0,7.42,23.43,1
621,2.52,3.73,31298,0.0,13.65,24.82,0
622,2.94,4.57,57963,0.0,7.29,10.11,0
623,2.51,3.59,38128,0.0,10.63,17.83,0
624,2.6,2.87,36999,0.0,10.59,15.17,0
625,2.73,3.56,101320,0.0,5.34,3.98,0
626,2.54,9.51,20290,0.0,13.61,27.68,0
627,2.92,2.91,43236,0.0,6.91,15.64,0
628,3.02,2.93,46119,0.0,5.67,13.6,0
629,2.44,5.14,29099,0.0,13.2,11.94,0
630,2.81,2.28,58815,0.0,9.15,5.29,0
631,2.7,2.21,55657,0.0,5.22,8.42,0
632,3.61,9.08,32132,1232.5,11.11,40.4,1
633,2.47,5.79,24202,0.0,8.74,25.55,0
634,2.76,6.51,21870,0.0,13.03,30.72,1
635,2.98,4.31,47421,0.0,7.69,12.96,0
636,3.08,4.71,50647,0.0,6.73,9.74,0
637,2.6,10.06,20674,0.0,14.64,28.09,0
638,2.05,4.87,19799,0.0,9.6,11.13,1
639,2.79,2.48,48863,0.0,7.88,12.25,0
640,2.42,5.26,26889,282.9,14.4,18.05,1
641,2.6,6.6,20349,0.0,14.53,34.89,1
642,2.27,8.53,19042,0.0,16.79,22.87,1
643,2.96,8.72,18549,0.0,12.03,37.61,0
644,3.09,5.77,26622,0.0,12.6,24.92,1
645,2.38,10.83,20641,458.6,12.33,32.33,1
646,2.75,7.29,29211,398.9,8.54,27.3,1
647,2.46,4.43,27264,0.0,11.12,21.46,0
648,2.53,1.79,44495,0.0,8.2,13.33,0
649,2.99,4.82,21824,665.2,14.78,26.15,1
650,2.48,8.23,24898,392.2,16.08,30.7,1
651,2.68,3.09,36192,0.0,10.66,14.86,0
652,2.66,3.23,34350,0.0,11.76,18.75,0
653,3.12,4.82,42523,0.0,6.38,19.22,0
654,2.44,5.75,21319,0.0,10.42,29.67,0
655,2.6,4.44,24375,0.0,11.24,35.31,1
656,2.8,4.26,36097,0.0,9.35,25.15,1
657,2.61,3.98,44277,0.0,7.36,9.53,0
658,2.38,4.42,21114,0.0,12.09,34.83,0
659,2.47,2.54,55248,0.0,6.58,10.5,0
660,2.48,10.35,22955,0.0,13.08,28.49,0
661,2.74,8.79,23270,557.9,13.3,24.97,1
662,3.27,8.28,31889,0.0,12.21,37.27,1
663,2.83,3.98,53058,0.0,6.07,11.13,0
664,2.8,2.91,40216,0.0,9.52,21.62,0
665,2.25,3.15,30516,0.0,12.13,9.38,0
666,2.77,5.32,46758,0.0,11.38,19.9,1
667,2.51,10.39,19779,421.4,17.53,31.66,1
668,2.34,5.29,35681,0.0,13.18,20.55,1
669,2.78,3.64,34990,0.0,11.15,21.56,0
670,2.87,10.08,29784,0.0,11.54,22.66,0
671,2.51,9.17,18423,0.0,14.02,25.18,0
672,2.78,4.22,31448,0.0,10.78,16.7,1
673,2.7,3.06,50598,0.0,7.87,6.44,0
674,2.51,5.02,44004,239.8,10.22,19.69,0
675,2.6,7.85,25550,0.0,13.82,23.07,0
676,2.99,6.97,37549,0.0,8.52,14.45,0
677,2.08,3.2,31938,0.0,12.66,8.27,0
678,2.27,2.22,44002,0.0,14.85,13.22,1
679,2.39,3.63,33026,0.0,11.82,17.6,0
680,2.67,2.87,79579,0.0,7.25,4.3,0
681,2.86,3.92,33000,0.0,9.53,15.96,0
682,3.6,4.86,55730,0.0,11.8,19.05,0
683,3.11,4.25,59967,0.0,5.53,10.87,0
684,3.01,4.65,54053,0.0,5.9,15.09,0
685,2.39,4.77,41922,0.0,14.02,11.04,1
686,3.21,9.85,23460,745.3,11.54,34.67,1
687,3.12,7.29,46932,0.0,7.51,12.83,0
688,2.32,6.66,21053,0.0,11.2,25.28,1
689,2.81,7.65,36634,0.0,8.68,26.99,1
690,2.72,7.72,16574,0.0,14.98,45.64,1
691,2.89,7.84,22027,0.0,14.68,27.8,0
692,2.78,5.04,45713,0.0,7.04,17.66,0
693,2.72,2.8,37044,0.0,6.47,16.3,0
694,2.89,4.72,33265,0.0,10.65,16.78,0
695,2.82,6.09,19977,0.0,6.68,7.68,0
696,2.63,5.45,37473,0.0,12.72,13.94,1
697,2.68,8.33,19118,392.8,13.75,27.66,0
698,3.27,14.81,22365,0.0,10.98,48.61,1
699,2.67,6.57,34704,0.0,9.32,24.14,0
700,3.01,9.57,21483,0.0,13.03,41.9,1
701,2.54,4.28,32733,0.0,9.25,15.12,0
702,2.91,5.87,33219,0.0,4.98,17.69,0
703,2.83,2.72,60925,0.0,3.91,8.97,0
704,2.71,2.34,41450,0.0,6.78,17.21,0
705,3.01,10.69,25533,507.4,15.47,31.91,1
706,1.6,7.04,29314,0.0,15.57,15.06,1
707,2.47,8.8,22785,722.4,15.12,31.21,1
708,2.51,6.05,25165,358.1,11.19,12.86,0
709,3.27,4.49,42743,0.0,8.47,10.07,0
710,2.76,3.65,32069,0.0,12.08,14.44,0
711,2.79,10.68,29351,565.0,10.84,34.21,1
712,3.05,5.22,41733,0.0,12.2,18.36,0
713,2.78,6.83,25576,0.0,12.03,29.31,1
714,2.58,5.04,25689,0.0,13.98,31.82,1
715,2.21,7.93,27222,0.0,9.84,14.01,0
716,2.93,2.32,54005,0.0,5.53,11.44,0
717,2.56,6.51,26218,662.0,11.85,21.19,1
718,2.42,3.97,32451,314.7,11.97,13.44,1
719,4.18,8.7,19183,0.0,2.83,11.88,0
720,3.29,16.3,17386,390.3,16.34,50.33,1
721,2.85,4.56,41006,0.0,7.53,9.51,0
722,4.06,9.4,28034,519.5,9.9,55.72,1
723,2.95,6.71,47859,0.0,8.33,14.96,0
724,2.42,6.32,25414,644.3,13.62,17.67,1
725,2.83,4.49,47482,275.8,7.65,16.79,0
726,2.54,9.47,20095,0.0,11.5,31.64,1
727,2.66,8.27,28955,344.4,10.72,27.09,0
728,2.57,7.69,18683,0.0,12.92,43.05,1
729,2.77,7.89,23497,0.0,8.96,36.01,1
730,2.42,6.91,25380,0.0,11.45,25.82,1
731,2.63,5.55,31063,0.0,13.14,18.15,0
732,2.84,3.8,53781,0.0,9.2,17.16,0
733,2.43,8.55,21310,0.0,10.45,34.17,1
734,2.54,3.15,37087,0.0,9.48,15.77,0
735,2.35,5.47,22591,378.4,15.09,32.03,1
736,2.45,7.23,26713,550.6,15.22,21.2,1
737,2.44,6.99,21459,0.0,10.96,29.79,1
738,2.87,6.3,22550,0.0,9.96,24.93,0
739,3.58,6.64,38124,0.0,10.85,35.34,1
740,2.61,6.48,36376,205.7,9.21,26.45,1
741,2.34,3.29,42314,572.6,9.6,11.56,0
742,2.95,3.55,48481,0.0,8.24,15.53,0
743,3.58,3.05,30613,0.0,5.59,15.48,0
744,2.86,3.95,56856,0.0,10.33,10.22,0
745,2.47,3.56,37862,0.0,7.68,11.41,0
746,2.67,9.38,17959,0.0,17.86,37.67,1
747,3.03,4.96,19955,0.0,12.71,25.12,1
748,3.13,5.54,46206,576.2,11.64,22.84,1
749,3.19,5.3,20628,0.0,6.63,20.13,0
750,3.4,4.16,46726,0.0,8.28,15.77,0
751,2.47,5.54,41495,0.0,10.72,17.01,0
752,2.84,7.17,28911,0.0,12.2,20.14,1
753,2.45,2.32,61144,0.0,8.45,5.15,0
754,2.47,6.23,20099,0.0,13.95,44.71,1
755,4.29,12.22,25567,0.0,7.89,72.05,1
756,2.48,6.53,30067,0.0,10.45,33.22,0
757,2.65,6.44,24215,0.0,9.55,23.57,0
758,3.04,2.97,60688,0.0,5.0,15.65,0
759,2.92,3.76,39308,0.0,9.7,10.21,0
760,2.6,6.9,22423,749.0,14.35,34.09,1
761,3.07,5.66,42160,0.0,7.14,18.3,0
762,2.34,4.37,22257,0.0,8.73,24.27,0
763,2.85,9.04,26629,0.0,12.99,29.01,1
764,2.49,4.16,31873,150.6,13.26,19.02,1
765,2.45,8.03,28919,0.0,11.68,18.63,0
766,2.53,4.09,25473,0.0,12.18,33.83,1
767,2.45,6.9,22197,398.9,15.18,31.04,1
768,2.19,2.76,55748,0.0,17.18,3.62,0
769,3.03,4.08,56571,0.0,6.83,9.32,0
770,2.97,5.29,37952,0.0,8.64,12.32,0
771,2.79,4.5,40287,0.0,9.56,17.56,0
772,2.93,3.39,53045,0.0,4.81,7.86,0
773,2.67,5.14,25855,0.0,11.01,25.58,1
774,2.61,9.29,21515,0.0,12.99,40.53,0
775,2.45,4.22,32145,0.0,15.5,13.79,1
776,3.06,6.07,19487,0.0,5.86,24.56,0
777,2.9,7.24,34165,0.0,7.15,34.96,0
778,2.89,3.11,75221,0.0,5.56,6.57,0
779,3.0,6.75,25679,0.0,10.4,38.51,0
780,2.49,2.26,40041,0.0,7.39,11.27,0
781,2.27,4.24,33098,0.0,8.08,22.85,0
782,2.49,7.81,20463,0.0,14.58,28.02,1
783,2.64,12.41,18477,337.0,15.11,31.86,1
784,3.09,17.87,11576,0.0,15.97,46.29,1
785,3.11,6.15,32605,342.9,8.0,30.03,1
786,2.77,5.43,36991,298.0,12.74,23.71,0
787,2.56,7.2,26934,0.0,13.59,32.58,1
788,2.67,6.39,43960,0.0,7.2,13.31,0
789,2.79,3.89,37644,0.0,9.08,9.65,0
790,2.79,7.4,31250,0.0,13.93,29.61,0
791,2.6,5.56,41586,0.0,9.07,12.45,0
792,2.6,9.13,22446,368.0,13.52,25.16,1
793,3.43,5.2,46515,0.0,5.5,9.45,0
794,2.43,8.36,19187,607.5,12.82,38.49,1
795,2.42,6.24,25434,0.0,12.8,22.35,0
796,2.62,3.85,32375,0.0,8.91,15.51,0
797,2.65,3.99,39045,0.0,10.07,11.36,0
798,3.0,10.18,21633,0.0,14.35,36.98,1
799,2.44,6.59,22186,0.0,12.32,26.53,0
800,2.94,5.46,36469,0.0,7.78,20.83,0
801,2.89,5.87,23216,699.2,12.24,23.98,1
802,2.76,5.79,31699,0.0,13.18,18.17,0
803,2.52,12.21,23220,0.0,13.34,24.5,0
804,2.1,6.83,23630,0.0,11.88,20.63,1
805,2.72,5.4,43832,790.4,9.92,23.53,0
806,2.37,6.12,21011,0.0,15.12,40.25,1
807,2.75,5.94,43937,0.0,8.96,14.9,0
808,2.46,5.91,26630,892.0,13.93,21.31,1
809,2.63,7.13,36945,527.3,10.52,21.96,1
810,3.73,11.48,27415,0.0,9.7,59.06,1
811,2.41,9.29,20472,0.0,10.56,25.5,0
812,2.48,6.32,23420,0.0,12.93,25.81,0
813,3.62,6.71,37174,1164.2,10.79,38.66,1
814,2.55,7.89,25221,0.0,14.1,26.3,0
815,2.42,4.77,26086,0.0,14.24,31.17,1
816,2.21,4.17,32237,0.0,10.98,14.65,1
817,2.51,3.82,54516,0.0,13.6,9.73,0
818,2.64,8.18,26261,565.4,15.07,29.52,0
819,2.74,5.29,43759,0.0,8.33,13.21,0
820,2.69,11.24,15938,0.0,13.72,41.31,0
821,2.57,4.81,36043,0.0,11.01,11.92,0
822,2.43,5.15,33140,375.1,9.51,15.65,1
823,2.48,11.19,20742,0.0,11.06,29.22,0
824,2.76,6.27,32066,0.0,5.92,17.09,0
825,2.5,7.84,30121,278.3,10.84,35.25,1
826,3.33,4.52,25341,0.0,6.81,14.49,0
827,3.67,8.54,14350,0.0,4.1,9.9,0
828,2.56,2.54,49858,0.0,7.8,5.07,0
829,2.97,1.98,44717,0.0,6.39,16.51,0
830,2.66,9.16,24045,503.8,15.65,39.35,1
831,2.3,3.64,39538,0.0,11.39,10.69,1
832,2.8,3.9,26873,0.0,8.89,28.61,0
833,2.87,5.37,35554,0.0,10.62,25.97,0
834,3.37,10.26,22068,272.9,9.11,42.14,1
835,2.26,6.69,27785,0.0,15.74,11.08,0
836,2.76,4.16,55752,284.7,6.86,13.43,0
837,3.19,5.57,60026,0.0,6.06,10.49,0
838,2.92,5.04,36297,0.0,12.51,17.28,0
839,2.73,5.93,26409,0.0,10.22,31.59,1
840,3.13,2.72,67892,0.0,7.98,7.07,0
841,2.44,5.57,39822,452.4,8.24,22.13,0
842,2.29,7.49,20731,0.0,11.98,31.89,1
843,2.72,6.14,22497,0.0,6.8,23.05,0
844,2.92,2.86,49475,0.0,8.38,9.7,0
845,3.34,2.85,30007,0.0,6.72,12.72,0
846,2.49,7.01,25677,0.0,14.85,18.27,0
847,2.39,4.17,26109,0.0,13.17,26.22,0
848,2.61,6.17,27235,0.0,12.69,20.81,0
849,2.99,4.37,36512,0.0,9.28,16.93,0
850,2.61,3.87,51814,0.0,8.82,26.13,0
851,4.05,14.33,24971,1428.6,13.12,48.77,1
852,2.52,4.31,24081,0.0,12.48,30.65,1
853,2.52,4.76,29652,0.0,14.22,21.06,0
854,2.62,4.54,41129,0.0,8.39,17.8,0
855,2.52,5.75,24712,0.0,15.16,27.62,1
856,2.56,8.15,18619,0.0,16.38,33.24,1
857,2.56,6.44,22634,0.0,9.82,22.96,0
858,2.36,7.05,17058,0.0,14.03,45.4,1
859,2.88,5.35,25556,0.0,8.52,12.44,0
860,3.06,4.1,51129,0.0,4.94,14.58,0
861,2.82,4.33,44700,0.0,10.79,18.63,1
862,2.63,2.86,66844,0.0,5.69,4.07,0
863,2.52,4.57,25710,0.0,7.78,24.22,0
864,2.58,2.74,44218,0.0,8.73,3.63,0
865,2.53,7.38,21078,0.0,14.22,36.57,1
866,2.51,8.18,20695,0.0,10.62,26.66,0
867,2.73,4.02,35140,0.0,12.7,13.72,0
868,2.81,4.34,43929,0.0,10.29,6.8,0
869,2.53,8.95,25716,0.0,14.83,27.33,0
870,2.9,6.25,33628,0.0,10.84,23.97,0
871,2.48,2.42,44747,0.0,9.36,5.76,0
872,2.83,3.01,51035,0.0,7.48,12.38,0
873,2.84,5.21,52783,0.0,6.07,8.1,0
874,2.35,4.35,35989,0.0,12.11,18.67,0
875,2.85,8.24,45165,0.0,8.14,22.94,0
876,2.76,4.7,21946,0.0,8.53,35.7,1
877,2.5,9.35,25363,0.0,11.19,43.81,0
878,2.79,4.48,45820,0.0,11.16,14.57,1
879,2.3,5.21,39603,0.0,8.98,15.25,0
880,2.72,8.64,26037,0.0,10.6,31.22,0
881,2.66,8.71,22674,453.4,15.52,29.57,1
882,2.95,4.74,35228,0.0,7.94,15.0,1
883,2.46,10.5,14316,0.0,13.01,31.14,0
884,2.59,6.22,18501,0.0,7.13,10.45,0
885,1.99,1.87,54497,0.0,14.35,4.11,1
886,2.41,6.23,21581,0.0,14.04,38.79,0
887,2.77,3.4,36906,0.0,7.82,17.23,0
888,2.41,9.82,21579,0.0,15.27,23.06,0
889,2.77,4.62,34205,0.0,9.19,16.54,0
890,2.48,5.06,25021,0.0,13.56,27.58,1
891,2.87,3.59,50916,0.0,6.77,10.46,0
892,2.54,6.32,42386,0.0,9.31,13.23,0
893,2.51,8.43,26339,490.7,15.33,22.07,0
894,2.76,6.41,43244,0.0,7.48,15.28,0
895,2.63,12.78,18548,367.0,13.95,34.55,1
896,3.0,16.51,15531,0.0,11.2,27.97,1
897,2.63,2.64,52205,0.0,10.52,7.71,0
898,2.6,10.91,21144,0.0,10.34,27.14,0
899,1.99,2.99,43148,373.4,9.37,11.17,1
900,2.17,4.21,26710,0.0,17.92,20.04,1
901,2.88,7.11,20594,0.0,14.95,44.42,1
902,2.68,4.84,39087,0.0,12.53,13.13,1
903,2.68,4.19,36716,473.6,13.38,11.6,0
904,3.8,16.97,15605,0.0,7.6,58.41,1
905,2.53,9.04,19906,0.0,14.52,34.63,0
906,2.39,4.67,24091,0.0,9.14,23.0,0
907,2.74,5.73,39735,0.0,9.8,23.82,0
908,3.08,7.78,29492,0.0,11.62,34.29,1
909,2.48,5.46,28242,671.6,13.12,21.65,1
910,2.49,4.05,25007,0.0,13.62,35.02,0
911,2.77,4.07,47335,0.0,7.89,11.0,0
912,2.59,5.63,28266,0.0,16.16,23.14,0
913,2.44,6.42,25711,0.0,12.34,19.14,0
914,3.02,4.38,46573,0.0,7.42,18.14,0
915,2.51,4.81,27597,0.0,11.96,21.93,0
916,2.54,11.02,20830,0.0,17.02,28.48,0
917,2.49,7.1,27081,0.0,9.6,23.48,0
918,2.81,4.84,38020,0.0,11.58,20.35,0
919,3.07,4.2,66084,0.0,5.85,6.77,0
920,2.68,18.28,13778,0.0,18.29,43.85,0
921,2.31,4.14,32708,0.0,14.89,15.03,0
922,2.74,3.32,56307,0.0,10.84,4.88,0
923,2.61,7.63,22617,0.0,11.17,25.49,0
924,2.95,10.91,28377,155.2,11.72,49.75,1
925,2.57,4.46,32285,0.0,9.7,15.89,0
926,3.13,4.11,53967,0.0,10.93,13.34,0
927,2.73,2.42,56011,0.0,7.6,5.47,0
928,2.78,2.24,46654,0.0,7.76,9.57,0
929,2.44,7.56,29987,0.0,11.11,21.94,0
930,2.91,6.97,33527,0.0,12.19,27.44,1
931,2.96,6.38,41187,0.0,8.82,28.39,1
932,2.74,4.44,46353,0.0,8.25,8.31,0
933,2.44,4.71,39433,0.0,6.77,26.69,0
934,2.8,6.22,37840,107.2,7.75,31.51,0
935,2.57,3.06,66464,0.0,6.92,10.79,0
936,3.06,4.22,53514,0.0,6.46,5.7,0
937,2.9,5.21,41224,0.0,9.86,18.6,0
938,2.66,5.78,22577,0.0,11.19,26.26,1
939,2.53,9.79,14822,0.0,13.56,24.6,0
940,2.89,2.83,78965,0.0,6.31,4.84,1
941,2.73,3.45,57568,0.0,6.66,12.26,0
942,2.46,4.86,26405,0.0,10.78,20.03,0
943,2.72,6.26,42310,0.0,8.26,17.78,0
944,2.77,8.37,20374,0.0,14.49,36.91,1
945,2.56,3.87,53488,0.0,6.36,8.35,0
946,2.7,5.4,40683,0.0,6.38,25.34,1
947,2.46,4.95,26703,0.0,13.43,18.98,0
948,2.47,6.4,27558,0.0,11.85,22.23,0
949,2.36,5.77,40579,1524.4,10.94,15.21,0
950,2.55,4.71,39864,0.0,8.73,20.88,0
951,2.51,3.96,49642,674.0,7.19,12.68,0
952,2.61,3.98,40324,0.0,8.72,9.59,0
953,2.37,5.82,23819,0.0,14.13,20.22,0
954,2.57,4.76,37093,0.0,9.9,13.24,0
955,3.05,9.21,30795,0.0,11.55,28.73,0
956,2.57,4.79,19642,0.0,9.06,10.0,0
957,2.38,7.37,21328,0.0,11.33,29.99,0
958,2.47,4.9,29647,0.0,12.39,27.44,0
959,2.82,4.65,37783,0.0,9.1,18.38,0
960,2.63,5.6,28693,0.0,10.36,29.44,0
961,2.38,4.86,21133,0.0,13.42,42.28,0
962,2.83,5.51,39967,0.0,12.13,23.7,1
963,2.37,8.39,15795,0.0,12.03,29.43,1
964,3.07,2.99,63384,0.0,5.66,11.77,0
965,3.08,12.79,22168,0.0,12.79,39.22,1
966,2.62,6.3,35103,434.8,12.08,22.48,1
967,2.49,10.36,17103,0.0,11.59,32.17,0
968,2.66,6.07,27552,0.0,10.75,26.91,1
969,2.47,3.26,32124,0.0,7.62,24.42,0
970,2.53,12.86,14423,0.0,13.01,33.44,0
971,2.93,3.75,23839,0.0,12.25,33.47,0
972,2.46,7.43,20380,0.0,13.23,27.12,1
973,2.5,7.63,21003,0.0,16.34,37.55,1
974,2.86,3.91,20184,0.0,5.54,15.55,0
975,2.71,5.44,28315,0.0,13.27,24.95,0
976,2.74,4.75,29887,0.0,11.11,15.78,0
977,2.67,5.11,30273,2056.0,11.62,15.21,1
978,2.62,4.41,44044,0.0,9.05,9.35,0
979,2.82,8.32,32083,0.0,10.82,24.24,0
980,2.93,5.09,47513,0.0,8.85,14.97,0
981,2.35,6.82,19686,0.0,12.98,29.89,0
982,2.82,4.43,43088,0.0,10.99,18.13,0
983,2.55,5.92,43253,0.0,9.12,13.74,0
984,2.62,8.66,19030,0.0,13.48,38.36,1
985,2.57,3.7,41489,0.0,7.73,10.51,0
986,2.69,5.87,30144,622.2,12.25,20.31,0
987,2.37,4.0,28381,0.0,9.84,21.01,0
988,2.71,11.25,18546,66.8,14.05,31.37,1
989,2.85,8.88,32659,456.5,12.96,31.8,0
990,2.53,9.34,20036,0.0,12.41,35.59,0
991,2.74,6.46,43946,405.3,14.62,9.61,1
992,2.45,5.24,31767,476.4,14.89,19.29,0
993,2.58,5.46,30938,0.0,9.93,16.55,1
994,3.14,3.83,63782,0.0,5.17,10.34,0
995,2.5,6.21,19507,0.0,14.42,31.06,1
996,2.75,3.43,34337,0.0,8.48,19.66,0
997,2.6,8.73,23430,528.5,11.66,24.79,1
998,2.39,8.37,22405,0.0,12.04,23.23,0
999,2.7,3.68,34670,0.0,11.29,20.22,0
1000,2.6,7.17,19016,0.0,14.34,32.59,1
1001,2.9,3.13,55464,0.0,6.12,16.78,0
1002,3.07,2.28,69019,0.0,5.55,2.78,0
1003,2.45,7.83,21881,0.0,15.18,29.65,1
1004,2.41,9.63,20309,0.0,17.11,41.66,1
1005,2.77,4.48,38433,0.0,14.0,14.0,0
1006,3.1,7.84,26701,0.0,11.51,22.86,1
1007,2.38,3.84,35795,0.0,9.18,12.09,0
1008,2.6,2.34,34720,0.0,8.51,27.54,0
1009,2.5,13.52,21380,0.0,12.56,30.0,0
1010,2.46,9.39,19382,0.0,14.61,24.67,0
1011,2.81,6.22,41449,0.0,5.73,28.52,1
1012,2.8,6.35,44210,0.0,9.48,17.56,0
1013,2.8,5.64,22253,0.0,7.98,36.64,0
1014,3.67,8.18,22129,0.0,12.12,41.07,1
1015,2.74,4.84,45884,0.0,9.91,14.15,0
1016,3.83,6.09,29624,0.0,5.85,16.35,0
1017,2.75,4.19,49149,0.0,11.86,11.78,0
1018,2.71,8.17,25569,0.0,12.97,39.42,0
1019,2.75,6.26,36418,0.0,5.96,30.13,0
1020,2.07,9.76,20382,0.0,12.24,32.67,1
1021,2.63,5.97,26394,0.0,10.61,23.03,1
1022,2.62,4.28,41115,0.0,9.46,10.82,0
1023,2.65,17.07,17500,0.0,17.63,36.03,0
1024,2.61,10.77,27095,0.0,11.23,24.91,1
1025,2.42,4.62,34006,0.0,13.59,10.15,0
1026,2.61,3.61,47064,0.0,7.36,9.5,0
1027,2.99,5.68,44690,0.0,7.35,20.48,0
1028,2.77,4.37,26470,0.0,10.61,12.4,1
1029,2.54,5.45,26298,0.0,11.3,26.24,0
1030,2.39,3.41,50859,0.0,11.46,8.47,0
1031,2.98,3.91,59290,388.5,5.81,14.66,0
1032,3.04,6.11,36886,0.0,12.54,15.84,1
1033,2.75,11.64,21344,0.0,13.27,49.73,1
1034,2.69,5.39,36170,0.0,7.11,29.53,0
1035,2.75,3.14,39638,0.0,8.75,14.05,0
1036,2.25,5.79,38976,338.6,13.16,25.57,0
1037,2.84,3.13,42565,0.0,10.41,14.97,0
1038,2.66,2.8,52193,0.0,6.97,12.21,0
1039,2.47,5.85,22369,0.0,13.12,41.29,0
1040,2.91,8.52,24923,682.0,13.8,30.99,1
1041,3.76,15.3,15890,506.9,9.56,54.51,1
1042,2.57,7.88,20298,0.0,12.01,36.28,1
1043,2.79,4.66,41921,337.0,11.2,17.28,1
1044,2.47,6.94,21618,0.0,15.85,26.71,1
1045,2.79,3.69,49148,0.0,6.43,17.51,0
1046,2.46,6.26,25983,510.8,12.07,30.56,1
1047,2.59,4.48,40798,0.0,8.84,18.86,0
1048,3.06,4.11,72369,0.0,4.48,10.09,0
1049,2.35,3.91,24294,0.0,13.66,34.52,1
1050,2.27,11.12,17884,0.0,12.07,28.67,0
1051,3.71,4.28,64333,0.0,5.63,12.47,0
1052,2.85,16.6,19390,346.2,16.98,35.24,1
1053,2.62,8.93,26883,434.9,12.56,30.67,1
1054,2.24,8.65,27900,0.0,9.96,11.64,0
1055,2.34,4.13,32369,0.0,9.73,12.34,0
1056,2.71,4.83,25878,0.0,10.95,19.31,0
1057,2.6,12.39,18913,0.0,15.73,43.15,1
1058,2.41,4.0,24146,0.0,10.03,20.34,1
1059,2.68,5.31,39800,0.0,8.24,20.82,0
1060,2.49,3.59,45303,0.0,9.82,8.47,0
1061,2.64,9.51,17826,0.0,12.18,35.35,1
1062,2.37,4.84,21619,0.0,13.64,36.72,0
1063,3.3,8.2,23485,0.0,12.94,51.75,0
1064,2.96,10.29,22053,0.0,9.63,35.79,1
1065,2.48,3.43,34324,0.0,11.16,16.08,0
1066,2.28,7.39,17391,0.0,14.39,27.26,0
1067,2.78,6.1,37397,0.0,6.9,23.05,0
1068,2.57,7.55,34181,0.0,9.18,27.16,0
1069,2.67,4.07,50896,0.0,8.08,10.16,0
1070,2.39,2.27,36332,0.0,11.95,19.9,0
1071,2.45,7.03,23044,0.0,12.42,27.71,0
1072,2.55,5.19,31885,683.7,11.25,10.08,1
1073,2.52,6.93,21205,0.0,14.08,29.52,1
1074,3.32,4.87,25393,0.0,6.34,16.26,0
1075,2.63,4.41,32964,0.0,8.76,23.47,0
1076,2.09,3.92,33863,0.0,15.61,15.33,0
1077,2.76,5.35,37539,71.4,8.39,17.03,0
1078,2.59,2.83,28435,0.0,12.77,20.26,0
1079,2.81,2.81,48210,0.0,5.58,12.66,0
1080,2.48,8.57,30693,0.0,13.16,28.15,1
1081,2.55,5.16,27483,0.0,17.81,22.83,1
1082,2.74,3.46,50714,0.0,7.58,12.49,0
1083,2.64,3.92,40174,0.0,9.19,9.93,0
1084,2.55,6.24,21947,0.0,9.22,19.28,0
1085,2.7,4.86,34602,0.0,9.4,21.32,0
1086,2.47,6.66,22504,0.0,11.28,39.42,1
1087,2.31,4.36,36835,0.0,11.33,13.95,0
1088,2.6,8.99,18683,0.0,17.24,45.84,1
1089,2.0,4.79,26950,0.0,11.32,25.73,1
1090,2.5,4.01,26171,0.0,12.22,31.37,0
1091,2.1,7.16,26877,0.0,13.57,19.48,1
1092,2.58,4.19,44933,0.0,8.82,25.64,0
1093,2.69,3.55,36698,0.0,10.67,12.78,0
1094,2.73,2.45,48828,0.0,8.57,4.99,0
1095,2.38,8.24,20141,163.9,15.72,32.81,1
1096,2.71,4.35,60357,0.0,5.74,5.58,0
1097,2.75,8.82,17552,0.0,12.79,39.11,1
1098,2.79,12.83,21061,0.0,15.97,30.73,1
1099,2.61,5.15,25153,376.0,11.62,23.46,1
1100,2.63,3.17,81957,400.0,8.95,6.95,0
1101,2.28,6.75,26576,562.5,13.46,16.81,1
1102,2.49,9.53,22023,0.0,13.45,30.67,0
1103,2.47,7.85,21952,0.0,13.67,28.16,0
1104,2.83,3.76,39067,0.0,10.39,8.25,0
1105,2.93,7.19,38822,0.0,10.81,32.23,0
1106,2.63,6.47,24536,0.0,10.96,23.68,0
1107,2.43,4.36,22993,0.0,9.06,24.12,0
1108,2.74,6.16,24162,0.0,11.06,24.3,0
1109,2.44,4.72,27256,0.0,12.71,21.54,1
1110,2.87,3.83,87686,0.0,5.99,5.34,0
1111,2.91,3.2,42841,0.0,7.41,22.53,0
1112,2.85,4.15,20743,0.0,10.68,37.76,0
1113,3.06,3.7,53480,0.0,10.21,16.58,0
1114,2.96,7.89,34050,0.0,11.14,19.86,1
1115,2.94,7.9,25926,0.0,13.16,28.01,1
1116,2.49,3.57,22422,0.0,8.26,22.7,0
1117,2.51,3.47,52979,0.0,8.53,11.13,0
1118,2.81,2.47,51676,0.0,8.85,9.91,0
1119,2.69,3.59,35108,0.0,8.49,12.1,0
1120,3.32,5.25,36481,0.0,6.7,14.46,0
1121,2.58,5.08,49787,294.2,9.86,18.81,0
1122,2.75,2.84,39738,0.0,9.86,16.17,0
1123,2.62,7.0,28261,0.0,13.34,17.5,0
1124,2.67,4.93,37117,0.0,11.03,12.18,0
1125,2.59,1.78,56585,0.0,6.74,8.86,0
1126,2.4,4.55,33107,0.0,9.87,15.58,0
1127,2.56,4.69,48171,891.3,10.29,20.48,0
1128,2.36,7.84,21006,229.7,14.85,30.39,1
1129,3.57,6.22,41933,0.0,9.66,17.09,0
1130,2.48,7.44,25000,0.0,12.01,26.45,1
1131,2.4,5.34,28070,0.0,11.13,18.64,0
1132,2.28,7.51,17196,0.0,14.81,30.99,1
1133,2.6,4.62,43593,0.0,9.62,22.67,0
1134,2.59,6.57,30590,551.7,18.4,23.7,1
1135,2.77,3.76,38868,0.0,9.95,19.52,0
1136,5.28,12.35,21558,0.0,8.44,42.24,1
1137,2.53,5.37,43365,0.0,8.23,21.14,0
1138,2.9,2.78,57561,0.0,7.68,7.1,0
1139,2.59,8.38,21038,381.5,16.07,36.08,1
1140,2.77,4.18,48000,0.0,9.34,16.4,0
1141,2.57,5.37,34168,0.0,10.19,16.18,0
1142,2.84,8.69,18858,0.0,11.87,33.68,1
1143,3.15,13.57,17103,0.0,10.47,48.56,0
1144,2.76,6.24,30908,0.0,13.18,30.39,1
1145,3.67,4.34,41178,0.0,5.17,6.32,0
1146,2.22,5.33,27371,614.5,16.26,18.66,1
1147,2.48,7.71,26668,0.0,8.85,34.58,0
1148,2.41,5.03,42748,0.0,13.02,21.61,1
1149,2.42,10.65,22458,0.0,14.14,30.4,0
1150,2.64,8.73,18829,0.0,11.17,28.08,0
1151,2.7,17.4,15570,0.0,12.1,44.6,1
1152,3.17,3.36,43673,0.0,8.37,20.26,0
1153,2.83,5.31,53971,0.0,7.3,9.77,0
1154,2.36,6.21,20609,468.1,13.98,26.95,1
1155,2.69,6.56,24130,463.6,10.98,24.43,1
1156,2.92,7.2,30733,426.5,11.5,38.66,1
1157,2.82,9.22,31712,426.5,11.52,25.62,1
1158,2.79,5.01,40704,0.0,7.66,21.2,0
1159,2.14,3.89,25906,0.0,11.47,18.44,0
1160,2.61,2.92,45890,0.0,11.92,8.28,0
1161,3.12,2.94,41726,0.0,5.73,17.66,0
1162,2.51,4.56,26119,402.4,16.18,21.9,1
1163,3.54,3.67,59076,0.0,6.83,10.78,1
1164,2.86,3.46,59069,0.0,7.54,8.55,0
1165,2.53,5.73,25384,0.0,13.09,39.17,1
1166,2.32,5.86,40600,0.0,8.39,24.95,0
1167,2.43,9.0,17278,0.0,11.98,28.99,0
1168,4.31,4.86,27922,0.0,4.68,11.33,0
1169,2.59,2.6,48668,0.0,9.02,9.36,0
1170,2.06,3.9,24296,0.0,12.87,22.95,1
1171,2.6,5.89,36771,0.0,8.82,25.94,0
1172,2.36,7.16,24316,1630.1,13.26,25.24,1
1173,2.49,2.45,47029,0.0,10.14,9.45,0
1174,2.82,1.61,84498,0.0,7.64,3.55,0
1175,2.63,9.73,15576,0.0,12.61,26.04,1
1176,2.89,3.51,63203,0.0,4.64,5.98,0
1177,2.58,9.38,27095,1831.5,15.68,25.61,1
1178,2.66,3.76,49658,0.0,5.63,18.7,0
1179,2.44,2.06,37783,0.0,9.87,12.58,0
1180,2.48,5.78,24674,0.0,14.05,16.49,0
1181,2.69,2.31,52817,0.0,5.95,10.6,0
1182,2.76,5.39,38037,0.0,11.57,20.52,0
1183,3.19,4.7,74825,0.0,5.23,11.91,0
1184,2.72,2.64,48547,0.0,8.09,12.43,0
1185,2.89,5.15,47930,0.0,7.26,16.76,0
1186,2.25,7.89,18631,527.4,14.77,26.4,1
1187,2.84,3.37,38694,0.0,7.75,16.6,0
1188,2.62,3.56,25376,0.0,11.57,29.94,0
1189,3.53,17.42,12908,0.0,9.12,58.05,1
1190,2.42,9.39,19950,0.0,11.35,32.62,0
1191,3.04,3.61,41457,0.0,9.55,13.87,0
1192,2.7,8.15,26144,0.0,15.11,28.58,1
1193,3.19,4.96,42481,963.3,11.15,19.41,1
1194,2.73,3.06,59458,0.0,10.53,7.0,0
1195,2.86,2.1,60355,0.0,7.14,3.52,0
1196,2.6,7.78,25587,0.0,12.41,26.39,0
1197,2.56,7.94,22886,617.3,14.36,33.44,1
1198,2.28,8.97,28259,0.0,8.05,12.19,0
1199,2.61,2.92,38962,0.0,11.28,14.51,0
1200,2.68,6.76,18641,0.0,14.15,40.25,1
1201,2.37,3.23,50468,0.0,12.85,10.33,1
1202,3.18,7.14,28382,0.0,9.73,13.08,0
1203,2.54,7.02,24644,0.0,11.52,27.01,1
1204,3.11,8.11,34218,0.0,8.77,24.0,0
1205,3.88,13.29,14292,0.0,7.33,59.32,0
1206,2.59,4.36,50191,0.0,6.45,8.37,0
1207,2.43,2.92,57815,0.0,13.71,6.46,0
1208,2.41,1.79,59913,0.0,7.05,7.57,0
1209,2.47,7.26,21949,0.0,13.51,33.1,1
1210,2.8,7.1,32154,819.7,14.05,22.23,1
1211,2.27,3.57,28097,0.0,13.54,11.55,1
1212,2.4,6.09,25152,358.3,10.8,22.28,1
1213,3.01,14.71,21650,281.7,14.0,48.79,1
1214,2.7,11.76,26810,742.9,17.06,30.7,1
1215,2.64,8.2,23487,501.4,14.35,24.93,1
1216,2.61,8.45,21309,0.0,15.65,37.76,1
1217,2.85,7.87,30151,0.0,12.82,28.77,1
1218,2.43,6.42,25369,968.9,12.92,11.44,0
1219,2.73,9.18,22147,909.1,11.37,37.24,1
1220,2.47,5.39,23958,701.1,14.81,26.96,1
1221,2.59,3.14,53226,0.0,7.56,14.54,0
1222,2.53,5.21,31637,0.0,9.43,30.69,0
1223,3.27,6.9,21463,0.0,7.65,14.11,0
1224,2.99,4.48,50981,0.0,11.18,12.49,0
1225,2.87,4.96,35090,0.0,10.45,15.49,0
1226,2.49,2.26,49712,0.0,8.95,6.32,0
1227,2.81,4.42,30489,0.0,7.23,6.65,1
1228,2.4,5.94,23603,0.0,12.3,30.4,1
1229,2.67,2.67,41524,0.0,9.43,11.61,0
1230,2.34,4.3,32341,0.0,17.0,13.58,1
1231,2.45,4.82,26668,0.0,13.08,28.82,0
1232,2.78,5.15,33498,0.0,8.87,21.26,1
1233,3.29,3.62,38346,0.0,6.95,8.4,0
1234,2.53,12.11,21170,0.0,13.6,24.69,0
1235,2.37,4.47,43309,0.0,7.0,11.49,0
1236,2.31,2.4,55333,310.1,12.24,5.27,0
1237,2.92,3.85,63032,0.0,6.44,6.87,0
1238,2.56,4.97,41745,343.7,8.62,22.22,0
1239,3.13,5.29,46199,0.0,10.24,15.69,0
1240,2.62,2.65,51331,0.0,7.21,10.22,0
1241,2.41,3.96,35197,0.0,12.93,17.59,0
1242,2.57,4.28,36096,0.0,9.83,11.91,0
1243,2.77,2.96,35005,0.0,10.04,22.42,0
1244,4.37,11.49,27074,0.0,8.95,63.37,1
1245,2.45,7.18,18346,0.0,9.27,23.7,0
1246,4.34,10.24,22279,0.0,10.66,68.7,1
1247,2.6,3.6,37771,0.0,8.84,15.01,0
1248,2.27,2.96,34836,0.0,13.27,8.15,1
1249,2.82,3.82,43191,0.0,8.0,20.69,0
1250,2.53,3.09,36977,0.0,7.67,14.31,0
1251,3.18,4.57,47143,0.0,8.89,18.94,1
1252,2.58,3.75,33817,0.0,10.31,23.65,0
1253,2.94,3.91,46309,0.0,5.82,31.91,0
1254,2.94,2.03,65920,0.0,4.75,11.35,0
1255,2.78,5.7,37230,0.0,9.02,25.57,0
1256,2.45,7.73,30138,0.0,12.57,26.98,0
1257,2.79,3.19,55407,317.3,7.13,11.07,0
1258,2.83,2.41,74472,0.0,8.44,4.27,0
1259,2.51,8.17,16586,0.0,15.26,43.86,1
1260,2.53,2.44,45424,0.0,8.2,7.79,0
1261,2.6,10.57,25615,0.0,7.67,22.71,0
1262,2.75,2.55,69695,0.0,6.38,9.91,0
1263,2.55,4.55,41000,0.0,7.42,29.89,0
1264,2.51,6.33,32455,348.1,8.04,24.82,0
1265,2.84,4.44,49965,0.0,6.95,16.88,0
1266,2.55,7.69,33488,0.0,10.91,35.46,0
1267,2.72,7.16,24056,386.6,14.31,28.48,1
1268,2.76,2.77,47808,0.0,4.5,15.83,0
1269,2.63,4.35,23206,0.0,12.55,23.5,0
1270,2.59,3.65,50659,0.0,9.01,5.75,0
1271,2.53,5.57,31007,0.0,9.67,33.08,0
1272,2.36,7.11,24319,0.0,11.4,33.74,1
1273,2.45,5.84,27312,0.0,12.95,20.96,1
1274,2.44,7.35,20053,0.0,15.51,44.8,1
1275,2.53,3.09,46970,0.0,9.32,13.97,0
1276,2.7,2.08,84441,0.0,5.61,4.35,0
1277,2.59,5.96,34528,68.4,9.69,26.03,0
1278,2.75,8.43,19077,0.0,12.48,31.7,1
1279,2.59,4.03,47506,300.8,10.74,10.4,1
1280,2.35,4.28,22859,0.0,15.65,34.97,1
1281,2.46,3.5,40543,0.0,11.0,18.96,0
1282,2.73,9.52,22468,317.2,11.39,14.16,1
1283,2.7,8.03,18022,0.0,5.6,14.84,0
1284,2.49,9.34,19259,0.0,12.82,40.15,1
1285,2.65,6.03,39215,0.0,10.03,19.85,0
1286,2.54,3.83,41814,408.6,7.71,15.22,0
1287,2.94,3.72,50492,0.0,9.3,7.43,0
1288,3.04,6.15,32559,0.0,10.09,29.14,1
1289,2.48,5.68,25982,0.0,8.96,11.01,1
1290,2.49,3.53,42453,0.0,13.03,7.02,0
1291,3.17,3.86,44920,0.0,7.89,6.02,0
1292,2.48,4.82,26771,0.0,8.03,23.13,0
1293,3.87,11.35,14990,0.0,4.9,17.72,0
1294,2.64,4.93,31053,0.0,9.62,19.02,0
1295,2.58,7.22,25377,667.1,13.45,22.56,1
1296,2.92,6.1,23563,461.2,12.87,27.31,1
1297,2.52,9.24,19193,641.6,15.71,30.7,1
1298,2.57,10.95,14579,0.0,12.94,35.93,1
1299,2.93,4.03,33228,0.0,12.22,14.97,0
1300,2.71,10.62,28704,398.5,12.62,38.91,1
1301,2.66,2.91,32624,0.0,9.13,13.91,0
1302,2.82,3.19,55465,0.0,10.29,10.94,0
1303,2.77,4.13,57309,0.0,4.36,11.45,0
1304,2.72,4.29,34826,0.0,13.3,24.64,0
1305,2.47,2.46,42358,0.0,11.27,8.97,0
1306,2.74,3.34,28815,0.0,9.09,14.19,0
1307,2.55,1.97,38605,0.0,10.41,9.74,0
1308,2.43,9.37,23381,0.0,9.53,24.27,0
1309,2.6,7.72,23238,0.0,10.26,33.75,0
1310,2.27,5.64,21665,0.0,15.22,32.9,1
1311,2.87,2.87,42235,0.0,6.28,18.25,0
1312,2.69,7.88,23127,0.0,15.37,30.88,1
1313,2.69,7.8,27770,478.4,11.97,26.84,1
1314,2.99,2.85,76907,0.0,4.41,6.0,0
1315,2.49,4.6,33667,808.1,13.64,20.9,1
1316,3.29,17.3,23201,0.0,16.28,33.29,0
1317,2.44,8.71,20413,0.0,13.8,42.55,0
1318,2.45,9.68,20533,0.0,15.13,29.84,0
1319,3.35,3.58,60368,0.0,8.04,14.67,0
1320,2.2,4.97,25015,0.0,14.46,24.1,1
1321,2.37,9.64,15315,166.8,17.91,42.8,1
1322,3.19,2.41,47346,0.0,6.5,9.08,0
1323,3.34,4.9,46566,0.0,8.29,22.42,0
1324,2.64,4.03,49777,320.1,6.95,16.83,0
1325,2.53,2.85,42299,0.0,13.18,5.98,0
1326,2.94,3.51,56478,0.0,6.2,12.51,0
1327,2.25,4.8,45598,329.9,8.56,6.82,0
1328,2.78,4.75,52044,0.0,8.0,6.75,0
1329,2.62,8.82,21851,0.0,14.22,42.35,1
1330,4.58,13.37,23819,0.0,9.28,73.66,1
1331,2.69,6.37,22357,0.0,12.84,31.05,1
1332,2.61,3.37,49849,0.0,9.55,9.24,0
1333,2.57,3.23,29492,0.0,7.85,19.62,0
1334,2.51,3.3,37159,0.0,12.42,10.01,0
1335,2.43,3.12,42113,0.0,9.71,11.77,0
1336,3.08,3.96,56255,0.0,9.69,11.27,0
1337,2.57,3.52,32348,0.0,12.39,23.2,0
1338,2.33,8.38,22193,0.0,13.91,32.13,0
1339,2.74,6.16,25751,454.6,14.47,33.43,1
1340,2.32,4.06,25482,0.0,8.61,20.25,0
1341,2.75,7.35,20429,0.0,13.88,34.07,1
1342,3.31,7.82,40955,0.0,11.57,31.55,1
1343,2.63,8.35,26265,0.0,11.29,37.82,1
1344,2.27,5.29,28465,0.0,9.71,25.43,0
1345,2.73,11.24,18748,0.0,16.25,31.31,0
1346,2.75,6.41,20831,0.0,12.88,32.97,0
1347,2.1,4.77,46395,0.0,9.25,15.14,0
1348,2.63,5.11,35151,0.0,9.68,15.89,0
1349,2.72,4.38,38354,0.0,11.78,13.58,0
1350,3.22,3.25,41096,0.0,9.07,15.09,0
1351,2.48,6.75,32690,0.0,10.9,24.44,1
1352,2.49,6.15,26344,234.5,13.69,22.88,1
1353,2.94,3.36,45489,0.0,8.18,10.14,0
1354,3.1,4.22,53479,0.0,8.53,7.2,0
1355,2.27,4.01,26818,0.0,9.28,29.39,0
1356,2.67,3.27,28950,0.0,13.21,15.77,0
1357,2.95,6.17,25009,0.0,11.06,17.14,1
1358,2.43,5.1,35230,0.0,9.89,27.5,0
1359,2.65,6.83,31161,0.0,11.66,16.66,0
1360,3.01,3.76,37601,0.0,8.63,10.38,0
1361,2.82,14.01,26634,0.0,13.7,28.86,0
1362,2.52,11.23,19807,388.6,15.06,32.97,1
1363,2.74,4.96,37695,0.0,7.56,20.82,0
1364,2.32,2.43,46502,0.0,13.05,8.03,0
1365,2.87,6.98,30389,483.7,12.89,22.51,1
1366,2.4,5.05,29407,1012.7,10.73,5.08,0
1367,2.6,6.54,31461,0.0,14.0,22.84,1
1368,3.01,3.42,43598,0.0,6.14,10.82,0
1369,3.48,15.72,24470,0.0,9.8,50.77,1
1370,2.64,5.45,26276,0.0,10.72,23.09,1
1371,2.76,6.17,33118,0.0,11.34,25.54,0
1372,2.43,3.2,46885,0.0,13.96,7.6,1
1373,2.88,7.66,24584,0.0,10.68,12.18,0
1374,2.7,4.75,47924,0.0,14.4,10.14,0
1375,2.46,7.2,21135,0.0,10.15,30.52,0
1376,3.26,13.9,25147,0.0,11.32,40.47,1
1377,2.44,3.73,24296,0.0,10.69,17.27,0
1378,2.86,4.9,37274,804.8,12.76,17.45,0
1379,2.56,5.85,31583,0.0,11.16,18.84,0
1380,2.79,2.23,51265,0.0,6.97,10.41,0
1381,2.28,5.56,22267,0.0,14.32,24.92,1
1382,2.55,6.17,21543,0.0,13.19,37.65,0
1383,2.88,5.2,32098,0.0,11.59,19.53,1
1384,2.79,2.27,54505,0.0,7.49,4.96,0
1385,2.82,3.35,47533,0.0,11.75,13.45,1
1386,2.51,8.07,28312,0.0,12.12,31.07,0
1387,2.96,5.82,48507,0.0,6.67,21.15,0
1388,2.44,4.41,29549,0.0,12.82,23.02,0
1389,2.34,10.76,18276,495.0,12.48,27.58,1
1390,2.56,5.16,38507,0.0,8.82,28.98,0
1391,2.73,4.36,22677,0.0,12.0,32.07,1
1392,2.58,15.6,17060,0.0,13.89,34.39,1
1393,2.47,6.2,28117,0.0,13.1,15.41,0
1394,2.81,2.31,57606,0.0,7.43,11.63,0
1395,2.48,10.84,21989,0.0,14.82,38.44,0
1396,2.41,1.83,24573,0.0,9.79,14.7,0
1397,2.55,6.47,27289,0.0,11.38,33.88,0
1398,2.54,5.9,28694,0.0,9.25,28.3,0
1399,2.36,6.25,31793,0.0,14.09,21.47,1
1400,2.67,7.62,40431,0.0,10.66,22.6,0
1401,2.53,6.16,26777,0.0,12.52,41.92,0
1402,2.29,6.67,25324,398.1,13.1,17.42,1
1403,2.92,5.69,24265,0.0,6.91,16.52,0
1404,2.62,1.96,53539,0.0,6.41,4.46,0
1405,2.52,6.77,12931,0.0,4.92,11.9,0
1406,2.72,8.58,30037,0.0,14.65,33.85,1
1407,2.54,5.89,25238,0.0,12.51,33.26,1
1408,2.43,3.16,24509,0.0,13.87,33.76,1
1409,2.67,6.31,25523,444.8,9.28,17.64,0
1410,3.01,7.34,31702,0.0,14.78,21.56,0
1411,2.75,5.88,33063,0.0,12.99,26.64,1
1412,2.75,2.77,63607,0.0,10.55,4.62,0
1413,2.87,11.99,16223,332.9,12.86,31.32,1
1414,2.54,6.58,20646,0.0,10.4,30.36,0
1415,2.62,8.22,22664,0.0,13.59,28.99,1
1416,3.14,6.92,41974,0.0,11.31,20.16,1
1417,3.81,12.37,22515,0.0,10.19,66.39,1
1418,2.82,9.96,21897,0.0,13.78,41.46,1
1419,2.89,1.97,45262,0.0,6.85,17.77,0
1420,2.75,6.82,33453,815.2,11.8,18.79,1
1421,2.81,15.94,13704,0.0,13.96,38.35,1
1422,2.52,9.12,19002,0.0,12.71,30.55,0
1423,2.99,7.28,40256,0.0,11.77,22.94,1
1424,2.42,6.44,32150,0.0,12.51,16.42,1
1425,3.19,7.7,13109,0.0,4.27,21.37,0
1426,2.89,14.99,22183,378.8,14.08,43.01,1
1427,2.75,6.63,30194,0.0,12.3,29.73,0
1428,2.47,4.14,34950,0.0,15.38,13.79,0
1429,2.73,5.72,33686,425.2,12.8,17.74,1
1430,2.7,5.42,21496,0.0,12.27,33.6,0
1431,2.77,6.24,25500,0.0,8.07,22.95,0
1432,2.69,4.98,32779,0.0,13.39,14.66,0
1433,2.86,8.92,23584,406.8,14.01,30.87,1
1434,2.72,11.32,26301,314.0,12.99,33.95,0
1435,2.5,5.59,28989,0.0,10.95,19.81,0
1436,2.87,7.86,34588,0.0,9.88,31.09,0
1437,2.48,4.62,35237,689.4,14.42,14.3,1
1438,3.09,4.31,50945,0.0,10.0,18.32,0
1439,2.95,2.25,57132,0.0,4.16,8.98,0
1440,2.59,4.53,35828,0.0,11.46,15.44,0
1441,2.67,9.79,27914,0.0,13.7,27.01,0
1442,2.8,14.24,19391,138.8,13.59,42.26,1
1443,2.54,8.24,21745,0.0,14.39,29.84,1
1444,3.1,5.7,41435,0.0,12.08,23.34,1
1445,2.66,3.17,32073,0.0,7.35,11.49,0
1446,2.1,3.93,34158,284.2,7.47,15.38,0
1447,2.45,6.76,21568,0.0,10.31,24.6,0
1448,3.52,19.01,13060,0.0,8.4,58.71,1
1449,2.38,6.43,23551,1363.2,15.77,31.91,1
1450,2.65,4.56,42665,224.9,6.78,25.17,0
1451,2.9,3.5,51014,0.0,8.39,4.85,0
1452,2.56,6.26,34995,0.0,12.67,24.31,0
1453,2.61,4.04,38920,0.0,7.82,20.43,0
1454,2.63,5.84,36171,0.0,9.69,15.38,0
1455,2.53,2.91,46212,0.0,8.39,7.23,0
1456,2.8,2.65,43968,0.0,6.21,20.14,0
1457,3.17,6.41,37695,0.0,11.41,26.61,1
1458,2.72,5.8,23184,0.0,9.04,14.6,0
1459,2.3,4.18,23038,0.0,14.45,28.8,1
1460,3.03,2.55,74401,0.0,3.87,9.13,0
1461,2.89,3.88,47284,0.0,8.36,10.18,0
1462,3.89,5.59,31633,0.0,6.36,13.93,0
1463,2.51,4.72,34255,0.0,10.43,17.2,0
1464,2.52,8.17,21242,379.5,12.15,28.84,1
1465,2.62,2.75,64587,0.0,10.85,5.48,0
1466,2.87,8.77,27293,0.0,11.47,30.39,1
1467,3.1,10.94,26669,343.0,11.46,44.38,1
1468,2.57,3.6,28892,0.0,9.24,18.98,0
1469,2.65,4.58,41675,615.2,13.55,11.93,1
1470,2.72,10.73,22140,763.2,15.22,40.56,1
1471,2.42,2.32,37161,0.0,9.97,22.09,0
1472,2.54,7.91,21119,0.0,11.69,33.09,1
1473,2.49,4.71,33214,1471.7,15.16,9.7,1
1474,3.08,3.53,58250,0.0,6.59,11.06,0
1475,2.19,3.02,57573,0.0,11.05,4.2,0
1476,2.87,2.54,38527,0.0,8.04,21.33,0
1477,2.04,2.95,38464,0.0,10.4,10.3,0
1478,2.77,7.16,21603,0.0,12.16,24.21,1
1479,2.52,1.85,65372,0.0,5.91,2.95,0
1480,2.58,6.84,20618,0.0,11.2,34.62,1
1481,2.81,7.02,22291,0.0,8.61,23.73,0
1482,2.75,11.35,26615,0.0,14.45,40.48,0
1483,2.52,7.77,30533,298.4,11.36,33.18,1
1484,2.55,3.65,46866,0.0,8.15,17.02,0
1485,2.98,4.44,43244,0.0,6.63,17.41,0
1486,2.82,5.12,45763,0.0,7.81,23.77,0
1487,2.56,4.96,33273,0.0,11.35,20.62,0
1488,2.74,4.43,30147,0.0,9.6,26.99,1
1489,2.75,4.45,46301,0.0,8.01,15.89,0
1490,2.69,4.44,40417,0.0,11.7,10.74,0
1491,2.5,6.9,24474,0.0,15.32,18.95,0
1492,2.83,3.86,42095,0.0,8.25,14.04,0
1493,2.7,6.41,31266,0.0,12.19,30.16,1
1494,2.53,7.19,25333,792.5,15.86,20.74,1
1495,3.02,5.24,58018,0.0,5.98,6.28,0
1496,2.59,5.1,23318,0.0,11.4,26.75,1
1497,2.35,5.55,26722,0.0,13.07,20.82,1
1498,2.71,2.13,44250,0.0,7.68,9.55,0
1499,2.47,5.63,23727,0.0,9.2,18.45,0
1500,2.53,5.48,22476,0.0,11.88,35.13,1
1501,2.44,2.84,41045,0.0,9.79,5.25,0
1502,2.56,5.46,39667,0.0,10.43,21.7,0
1503,2.63,5.23,22279,0.0,8.35,24.73,0
1504,2.22,4.95,25422,0.0,16.76,19.75,1
1505,2.79,4.46,50075,313.7,7.29,15.51,0
1506,2.28,6.08,24864,0.0,13.91,25.86,0
1507,3.22,3.68,58995,0.0,4.56,14.6,0
1508,3.02,2.65,79092,0.0,5.93,4.03,0
1509,2.66,5.03,30548,0.0,11.21,15.84,0
1510,2.71,3.88,30896,0.0,9.52,16.48,0
1511,2.56,6.26,23053,0.0,10.13,24.36,0
1512,2.92,3.03,52011,0.0,6.64,4.18,0
1513,3.39,7.31,40865,0.0,10.59,17.9,0
1514,2.42,6.12,32321,0.0,9.11,29.18,0
1515,2.54,3.54,26151,0.0,10.01,24.39,0
1516,2.71,4.97,38488,0.0,10.25,20.07,0
1517,2.78,6.11,36058,905.6,13.33,23.75,1
1518,2.93,5.08,28003,0.0,6.4,11.5,0
1519,3.06,4.53,51198,0.0,6.04,19.05,0
1520,2.4,2.79,39848,0.0,11.49,14.13,0
1521,2.35,7.49,18974,0.0,7.98,38.75,0
1522,2.07,2.2,29584,0.0,13.55,13.06,0
1523,2.69,5.74,37998,0.0,6.87,35.42,0
1524,3.43,3.89,70039,0.0,4.05,9.5,0
1525,2.43,6.99,27606,243.2,12.33,31.55,1
1526,2.75,13.21,20347,0.0,13.46,46.34,1
1527,3.27,7.66,31605,0.0,9.89,39.95,1
1528,2.29,4.58,32393,0.0,15.35,14.49,1
1529,2.67,5.48,42474,0.0,8.04,13.7,0
1530,2.68,8.38,16305,0.0,12.48,35.87,1
1531,2.79,6.05,38514,230.7,7.99,21.02,0
1532,2.8,3.83,47106,0.0,7.33,20.84,0
1533,2.7,6.2,35684,0.0,14.69,22.7,1
1534,2.26,6.59,23695,0.0,13.79,28.73,1
1535,2.57,8.58,26787,0.0,16.32,27.75,1
1536,2.64,7.84,24495,552.4,14.35,24.84,1
1537,3.81,5.32,42032,0.0,6.01,5.85,0
1538,2.48,5.28,36584,368.7,12.02,26.18,0
1539,2.55,2.36,31061,0.0,7.92,25.05,0
1540,2.8,3.47,51988,0.0,8.01,10.4,0
1541,2.48,3.72,20518,0.0,12.83,40.87,0
1542,2.73,6.87,21427,0.0,12.22,28.73,1
1543,2.65,2.82,36652,0.0,11.53,18.89,1
1544,3.06,8.25,36710,0.0,10.17,23.11,0
1545,2.57,11.6,21529,0.0,17.87,23.91,1
1546,2.73,3.39,38785,0.0,8.96,9.84,0
1547,2.6,5.68,32141,0.0,9.16,20.44,0
1548,2.61,8.88,23627,173.6,13.25,28.5,1
1549,2.66,5.62,27591,0.0,13.96,23.89,1
1550,2.5,5.41,20196,0.0,11.45,30.57,0
1551,2.71,7.07,22684,0.0,9.91,35.28,0
1552,2.29,2.36,67723,0.0,11.96,4.05,0
1553,1.96,5.82,26703,0.0,7.72,24.0,0
1554,2.75,9.63,25058,0.0,10.88,27.43,0
1555,2.98,5.03,52798,0.0,7.9,8.82,0
1556,2.82,4.38,40885,0.0,8.12,15.31,0
1557,2.59,3.58,25366,0.0,13.06,28.58,0
1558,2.53,3.5,34922,0.0,8.83,10.91,0
1559,3.01,3.28,58756,0.0,6.64,14.19,0
1560,2.5,4.14,36532,0.0,10.77,17.33,0
1561,2.45,7.55,21321,0.0,10.19,24.37,0
1562,2.88,4.19,51231,340.1,10.71,13.4,0
1563,2.59,2.41,46259,0.0,8.58,5.1,0
1564,3.5,8.22,19185,0.0,5.65,15.29,0
1565,2.51,7.65,32846,0.0,7.63,38.64,0
1566,2.74,3.5,54305,0.0,8.25,10.22,0
1567,2.88,10.86,25719,379.9,14.92,41.82,1
1568,2.16,5.41,27538,0.0,16.1,22.92,1
1569,2.53,7.32,22469,0.0,13.49,25.01,0
1570,3.03,6.97,35083,0.0,12.82,25.12,1
1571,2.73,3.27,42315,0.0,6.59,15.08,0
1572,2.47,9.67,22405,0.0,10.72,26.85,0
1573,3.06,6.8,16478,0.0,5.96,13.14,0
1574,2.67,8.52,21085,0.0,13.64,28.75,1
1575,2.8,7.45,37092,0.0,7.69,31.08,0
1576,3.33,7.57,33084,0.0,12.77,31.87,1
1577,2.43,4.39,34835,0.0,12.37,19.58,0
1578,3.53,6.59,33482,0.0,8.53,43.22,1
1579,2.64,3.63,24604,0.0,12.21,23.53,0
1580,2.4,5.2,32194,0.0,11.87,21.38,1
1581,2.43,7.03,30727,193.4,15.03,26.85,1
1582,2.91,6.63,40936,0.0,13.12,17.42,1
1583,2.55,4.41,28223,0.0,8.79,16.58,0
1584,2.95,2.15,65522,0.0,5.73,11.44,0
1585,2.69,4.12,32436,0.0,10.54,23.03,0
1586,2.59,7.05,23078,0.0,11.67,28.02,1
1587,3.85,3.67,33273,0.0,8.66,13.65,0
1588,2.63,5.36,40776,0.0,9.58,22.83,0
1589,2.27,6.12,36879,0.0,13.32,23.97,0
1590,2.81,2.75,74124,0.0,6.55,9.03,0
1591,2.41,4.25,42894,712.5,12.55,14.73,0
1592,2.95,5.93,40982,0.0,7.93,18.49,0
1593,2.46,11.53,19099,0.0,14.4,32.98,1
1594,2.57,7.11,35974,0.0,9.96,24.83,0
1595,2.55,5.31,26674,0.0,10.91,35.79,1
1596,2.83,2.24,65976,0.0,4.9,6.02,0
1597,2.35,4.59,43490,0.0,7.28,16.24,1
1598,2.8,6.58,40327,0.0,10.84,26.45,1
1599,2.58,5.43,29044,0.0,8.14,5.02,0
1600,2.84,3.31,89395,0.0,5.78,6.27,0
1601,2.74,11.14,13804,0.0,12.35,46.75,1
1602,4.38,12.46,25961,0.0,9.89,59.08,1
1603,2.36,5.62,29737,942.7,12.65,9.68,1
1604,2.43,7.47,20185,0.0,14.88,39.18,1
1605,2.53,9.13,22275,1067.6,17.06,30.13,1
1606,3.04,4.52,40404,0.0,10.35,12.71,0
1607,3.11,4.24,41081,0.0,9.44,9.23,0
1608,2.8,4.56,39618,0.0,11.02,22.02,0
1609,2.58,12.16,22647,548.5,11.75,50.34,1
1610,2.9,3.91,38725,0.0,8.94,22.79,0
1611,3.31,7.32,35788,452.1,12.05,31.47,1
1612,2.87,4.54,38124,0.0,11.72,14.24,0
1613,2.44,6.34,31649,0.0,9.37,39.87,0
1614,2.51,5.71,24472,0.0,10.23,29.41,0
1615,2.46,7.65,34344,187.2,9.14,22.12,1
1616,2.24,4.8,26473,928.8,13.98,19.78,1
1617,2.72,7.5,20565,0.0,11.11,35.69,1
1618,2.44,4.6,30366,0.0,10.32,17.59,0
1619,2.82,5.09,38250,0.0,9.68,26.5,0
1620,1.94,6.7,22649,0.0,4.62,34.37,0
1621,3.2,3.32,44358,0.0,6.38,14.77,0
1622,2.89,5.05,46470,276.1,7.22,19.34,0
1623,2.58,5.48,39925,0.0,8.05,21.26,0
1624,2.9,3.23,45538,0.0,5.64,13.0,0
1625,2.63,6.4,25236,431.6,15.59,18.46,0
1626,2.34,6.05,20927,0.0,8.93,28.34,0
1627,2.48,9.01,22279,557.0,14.13,27.15,0
1628,2.43,5.88,31954,394.4,8.96,29.95,0
1629,2.57,9.34,28553,421.7,12.04,26.81,1
1630,3.0,3.96,69917,0.0,8.81,7.21,0
1631,2.78,4.85,45516,406.9,8.18,22.57,0
1632,2.7,5.88,32711,0.0,15.91,27.66,1
1633,2.65,4.08,50095,0.0,5.6,19.18,0
1634,3.32,17.59,17645,0.0,8.04,48.47,0
1635,3.12,4.41,48758,0.0,7.73,16.6,0
1636,2.8,6.17,36090,0.0,11.45,19.15,0
1637,2.89,5.16,50448,0.0,8.46,17.15,0
1638,4.51,8.83,19836,0.0,19.1,39.3,0
1639,2.51,4.75,19950,0.0,11.68,34.23,1
1640,2.76,3.48,67389,0.0,6.43,6.04,0
1641,2.46,5.05,36626,0.0,11.03,9.66,0
1642,2.69,4.99,39975,0.0,12.89,13.08,1
1643,3.7,8.44,34383,0.0,10.54,47.73,1
1644,2.45,4.76,38432,0.0,10.45,23.93,0
1645,2.72,4.14,42016,0.0,8.08,10.4,0
1646,2.5,6.18,29426,0.0,12.7,11.75,0
1647,2.6,9.19,19030,0.0,13.21,35.08,0
1648,2.76,5.53,25149,0.0,15.72,29.35,0
1649,2.59,6.42,42948,568.0,9.62,13.9,1
1650,2.51,5.77,36121,0.0,10.47,13.67,0
1651,2.25,3.32,46352,0.0,15.0,9.6,0
1652,2.73,7.18,15917,0.0,8.9,27.22,1
1653,2.58,6.07,23156,0.0,9.45,18.06,1
1654,2.57,5.27,23483,0.0,14.24,25.2,0
1655,2.73,7.55,24346,372.3,13.35,30.51,1
1656,2.77,7.44,21160,0.0,10.43,40.17,1
1657,3.01,4.57,46539,225.7,11.63,18.34,0
1658,2.35,11.52,15732,0.0,14.53,35.7,1
1659,2.68,3.41,28687,324.3,13.96,19.12,0
1660,2.61,3.64,30650,0.0,8.24,25.05,0
1661,2.36,3.42,42489,0.0,16.41,11.4,0
1662,2.35,9.11,19775,0.0,12.53,30.89,1
1663,2.39,6.09,24325,0.0,14.98,18.0,0
1664,2.62,8.18,28993,0.0,12.06,27.39,0
1665,2.52,2.23,34727,0.0,12.96,11.47,1
1666,3.13,9.46,22176,0.0,9.05,28.93,1
1667,2.81,7.29,32633,0.0,10.45,29.68,1
1668,2.95,6.05,35039,0.0,10.77,28.76,0
1669,2.44,6.82,22191,0.0,15.71,38.11,0
1670,2.63,5.8,38859,68.6,6.86,21.0,1
1671,2.75,2.61,48125,0.0,7.05,4.76,0
1672,3.2,17.0,21401,0.0,12.56,47.5,1
1673,2.43,7.87,22378,0.0,8.88,21.76,0
1674,3.07,5.01,43861,0.0,8.96,16.58,0
1675,2.6,4.93,36855,0.0,11.19,12.88,0
1676,2.64,4.54,40718,0.0,9.55,11.9,0
1677,3.01,4.87,46193,0.0,10.78,14.0,0
1678,2.9,4.96,33791,0.0,10.88,25.86,0
1679,2.45,7.93,19749,0.0,15.19,42.63,0
1680,2.95,8.37,24788,0.0,12.15,28.82,0
1681,2.52,6.24,34909,501.8,9.3,24.11,0
1682,2.45,7.84,20411,0.0,11.83,23.1,0
1683,2.68,5.67,36644,0.0,10.75,21.95,0
1684,2.67,5.36,36979,0.0,7.76,17.19,0
1685,2.71,8.68,17682,0.0,14.42,40.94,1
1686,2.62,5.2,28513,574.9,14.64,23.13,1
1687,2.63,2.61,41491,0.0,7.73,15.13,0
1688,2.74,4.44,29042,0.0,11.78,24.39,0
1689,3.05,2.9,55050,0.0,6.87,9.95,0
1690,2.97,11.51,17897,0.0,13.82,42.28,1
1691,3.18,5.43,41533,0.0,10.26,21.19,1
1692,2.68,9.19,27101,0.0,10.75,31.18,1
1693,3.24,17.23,21198,0.0,11.22,46.07,1
1694,2.89,4.45,51692,0.0,7.07,10.17,0
1695,2.66,5.34,29080,0.0,9.62,24.58,0
1696,2.88,3.94,46587,0.0,9.32,15.42,0
1697,2.62,4.5,27871,0.0,12.67,23.94,0
1698,2.6,8.24,20277,0.0,12.13,33.01,0
1699,2.88,6.58,40268,0.0,7.78,30.57,0
1700,2.82,11.51,17811,0.0,8.86,48.48,1
1701,2.8,5.86,27236,0.0,12.64,30.97,1
1702,2.54,5.25,23534,0.0,12.52,38.35,0
1703,2.52,5.64,25322,0.0,11.04,26.26,0
1704,3.19,2.76,59285,0.0,4.66,8.68,0
1705,2.96,28.94,8866,0.0,18.77,52.61,0
1706,2.7,7.44,21920,0.0,12.12,37.64,1
1707,2.56,10.79,21522,0.0,15.01,28.85,0
1708,2.53,4.81,45739,0.0,12.96,10.4,1
1709,2.59,4.78,35479,0.0,13.52,19.24,1
1710,2.49,5.78,24517,0.0,15.73,38.15,1
1711,2.67,8.36,25859,0.0,13.15,27.57,0
1712,2.35,5.14,25670,0.0,15.85,22.88,1
1713,2.49,7.15,29354,0.0,12.71,28.15,1
1714,3.18,3.55,60651,0.0,8.58,9.37,0
1715,3.05,4.73,31193,0.0,12.58,14.0,0
1716,2.77,10.83,29054,593.1,11.36,34.32,1
1717,2.52,4.46,27325,0.0,11.41,19.15,0
1718,2.49,6.43,25223,0.0,12.11,28.26,1
1719,2.41,3.4,37080,0.0,11.78,11.54,1
1720,2.76,5.87,23634,0.0,14.82,30.19,1
1721,2.52,5.25,27647,0.0,9.31,24.6,0
1722,2.65,7.63,26540,481.0,12.6,28.02,1
1723,2.72,9.34,25656,355.6,12.76,30.39,0
1724,2.55,8.74,25828,0.0,15.71,19.01,1
1725,2.54,6.66,23194,0.0,14.19,26.22,1
1726,2.94,2.09,56543,0.0,6.39,12.41,0
1727,2.51,3.94,22146,0.0,9.93,24.31,0
1728,3.19,2.34,52212,0.0,7.99,14.01,0
1729,2.78,4.97,45405,0.0,8.85,10.0,0
1730,2.5,31.23,9805,20.8,22.23,43.44,0
1731,2.66,3.05,42176,0.0,8.22,16.86,0
1732,2.75,5.21,25258,0.0,12.97,35.12,0
1733,2.25,6.68,27239,422.6,16.74,25.83,1
1734,2.84,7.84,22092,0.0,7.72,25.19,0
1735,2.77,3.78,53396,0.0,7.65,9.43,0
1736,2.54,5.17,35425,0.0,11.74,23.48,1
1737,2.76,9.78,25197,0.0,11.26,17.17,0
1738,2.82,4.0,50275,0.0,5.49,12.08,0
1739,2.76,5.62,31768,0.0,10.16,19.62,0
1740,2.77,5.34,34726,0.0,13.08,16.94,0
1741,2.53,4.55,30512,0.0,15.5,13.86,0
1742,3.02,4.15,41095,0.0,8.06,20.93,0
1743,2.9,2.88,53905,349.4,8.86,6.78,0
1744,2.33,3.45,38437,0.0,15.07,8.07,0
1745,2.46,5.76,36289,0.0,8.6,15.97,0
1746,2.52,5.49,31741,0.0,14.39,20.85,1
1747,2.67,9.18,21301,0.0,12.69,21.07,1
1748,2.62,3.26,46508,0.0,6.98,14.97,0
1749,3.15,5.17,28734,0.0,15.55,35.63,1
1750,2.33,6.41,22750,0.0,12.94,32.08,1
1751,2.83,4.59,50228,0.0,8.93,17.95,0
1752,2.85,6.62,48986,0.0,8.53,7.03,0
1753,2.67,5.81,25029,2162.5,17.1,29.16,1
1754,2.97,6.18,25773,0.0,12.28,41.17,1
1755,2.89,3.68,48219,0.0,9.99,12.15,0
1756,2.58,9.2,19005,0.0,10.82,14.36,0
1757,3.15,4.96,50987,0.0,6.42,10.12,0
1758,2.6,5.66,24055,420.4,12.89,33.07,1
1759,2.83,12.87,16853,0.0,11.15,41.04,1
1760,2.47,8.71,22532,0.0,14.45,28.83,0
1761,2.34,8.21,20891,247.1,12.76,26.12,0
1762,2.33,7.23,21904,0.0,12.63,29.76,0
1763,3.07,5.12,50684,0.0,6.27,20.92,0
1764,2.56,6.58,27042,764.6,14.9,17.72,0
1765,2.6,8.83,20478,0.0,14.99,40.9,1
1766,2.45,7.39,26867,0.0,8.02,22.32,0
1767,2.24,14.17,14839,0.0,11.54,35.82,1
1768,2.5,6.56,20364,0.0,12.01,32.93,0
1769,2.41,7.46,24685,0.0,14.17,20.41,0
1770,2.84,8.9,31701,531.0,13.72,25.21,1
1771,2.35,6.09,24966,0.0,13.24,34.99,1
1772,2.65,6.44,25344,0.0,7.27,30.9,0
1773,2.45,8.93,20825,464.2,16.29,29.99,1
1774,2.45,7.05,31394,0.0,12.89,22.16,0
1775,2.79,2.86,86674,0.0,6.59,5.01,0
1776,2.57,5.12,36693,0.0,9.87,16.57,0
1777,2.3,3.35,33120,0.0,10.72,20.55,0
1778,3.16,4.9,40679,0.0,10.72,17.65,0
1779,3.02,4.29,24636,0.0,4.76,4.86,0
1780,2.29,7.93,18627,0.0,18.25,27.29,1
1781,2.76,3.69,56115,0.0,8.46,8.6,0
1782,2.75,5.8,41919,0.0,7.62,19.43,0
1783,2.09,3.5,41472,303.9,14.47,13.09,1
1784,2.52,4.88,27065,0.0,11.27,26.53,1
1785,2.55,2.11,39887,266.4,12.8,17.31,0
1786,3.08,3.14,48121,0.0,7.67,9.43,0
1787,2.56,5.15,43172,0.0,7.44,20.49,0
1788,2.55,10.15,23887,0.0,17.28,27.43,1
1789,3.84,18.14,16922,0.0,8.68,59.01,0
1790,2.3,6.05,27352,318.8,13.22,27.12,1
1791,2.41,9.07,20747,41.4,11.66,27.55,1
1792,2.45,3.46,43888,0.0,6.95,19.99,0
1793,2.66,3.33,31270,0.0,12.31,23.54,0
1794,2.35,4.11,34183,0.0,7.82,13.26,0
1795,2.47,4.71,39905,820.4,7.93,27.14,0
1796,2.87,7.16,39886,0.0,9.47,15.79,1
1797,2.6,5.64,26826,0.0,9.49,8.55,0
1798,2.56,4.91,37082,0.0,7.38,23.89,0
1799,3.77,8.41,29770,0.0,8.81,46.16,1
1800,2.37,6.19,23579,0.0,14.49,9.95,0
1801,2.75,4.8,41670,0.0,10.06,14.97,1
1802,2.18,4.61,27708,0.0,18.04,21.69,1
1803,2.44,11.23,19343,0.0,14.85,36.54,0
1804,2.94,8.0,21433,0.0,9.99,37.63,1
1805,2.55,7.74,29116,0.0,13.3,22.98,1
1806,2.98,5.23,50679,0.0,6.7,12.24,0
1807,2.14,8.8,22709,0.0,15.18,19.13,1
1808,3.2,13.32,19017,0.0,9.11,52.26,0
1809,2.5,10.22,25306,527.3,15.85,23.41,0
1810,3.48,6.5,26875,0.0,10.29,13.46,0
1811,2.25,6.34,29683,666.2,14.29,26.27,1
1812,2.93,2.44,41338,0.0,6.32,22.37,0
1813,3.08,5.41,60566,0.0,5.82,9.51,0
1814,2.46,9.34,27893,0.0,18.43,23.01,1
1815,2.76,4.56,28860,0.0,13.03,26.19,0
1816,2.44,6.38,28415,791.9,17.24,19.0,0
1817,2.41,3.79,33951,0.0,13.57,8.52,0
1818,2.53,6.61,25300,0.0,12.2,22.29,0
1819,2.99,2.83,39261,0.0,8.39,22.15,0
1820,2.65,5.96,24868,0.0,13.2,30.57,0
1821,2.68,3.61,48864,0.0,8.65,20.26,0
1822,2.58,6.76,24915,340.0,13.63,24.28,1
1823,2.37,4.06,30565,0.0,9.26,25.24,0
1824,2.99,9.69,28838,0.0,14.0,29.69,1
1825,2.97,3.53,46756,0.0,7.81,15.07,0
1826,2.56,4.13,38017,0.0,10.84,11.47,0
1827,2.91,5.38,42026,0.0,9.34,15.58,0
1828,2.93,2.95,69904,0.0,5.72,5.62,0
1829,3.21,6.21,39882,405.3,11.61,25.6,1
1830,2.88,2.64,63533,0.0,6.03,10.96,0
1831,4.01,9.65,32128,0.0,9.28,59.31,1
1832,2.92,3.49,51762,0.0,5.65,7.03,0
1833,2.46,8.42,22085,0.0,13.76,33.72,1
1834,2.62,11.58,21040,0.0,12.58,28.3,1
1835,2.8,4.05,61070,0.0,6.24,8.78,0
1836,3.07,10.28,26876,888.5,13.36,33.37,1
1837,2.88,4.35,37245,0.0,10.87,15.41,0
1838,2.54,6.29,28964,0.0,14.59,26.23,0
1839,2.48,2.28,30907,0.0,10.17,29.71,0
1840,2.96,12.35,20078,0.0,10.75,29.49,0
1841,2.62,3.04,38619,0.0,10.75,18.65,1
1842,2.3,6.89,22517,0.0,12.43,16.66,0
1843,3.65,23.83,21054,0.0,8.26,58.07,1
1844,2.54,6.03,25823,0.0,10.3,33.7,1
1845,2.76,3.79,39995,0.0,8.1,18.88,0
1846,2.32,4.64,26728,0.0,13.32,24.3,0
1847,2.81,4.5,48645,393.9,6.69,15.33,0
1848,2.43,8.55,21812,0.0,16.77,20.72,1
1849,2.77,6.23,32895,0.0,13.12,22.05,1
1850,2.01,3.72,35862,0.0,13.3,9.8,1
1851,2.51,5.14,34796,0.0,11.26,16.06,1
1852,2.16,2.78,34417,0.0,10.48,8.19,0
1853,3.05,5.19,32014,0.0,11.24,28.86,1
1854,1.88,2.9,32834,0.0,10.98,13.68,0
1855,2.82,5.86,24234,0.0,10.18,25.67,0
1856,2.33,8.32,19110,0.0,13.02,28.37,1
1857,3.04,5.56,39620,0.0,12.4,24.59,0
1858,2.7,4.37,58947,0.0,7.39,12.2,0
1859,2.8,3.28,46007,0.0,8.71,9.77,0
1860,3.67,9.88,29015,0.0,11.91,49.9,1
1861,2.33,13.48,18370,0.0,10.83,25.74,0
1862,3.07,7.7,21120,0.0,9.52,43.25,0
1863,2.32,3.0,48936,0.0,7.89,5.29,0
1864,2.62,3.88,38410,0.0,10.44,20.42,0
1865,2.52,9.36,28035,0.0,11.66,32.05,1
1866,2.69,3.3,42658,0.0,8.8,12.75,0
1867,2.79,7.38,21105,0.0,13.01,35.44,0
1868,2.66,7.34,25026,0.0,11.62,30.5,0
1869,2.88,4.46,39378,0.0,10.02,12.4,0
1870,2.77,4.23,46426,0.0,8.2,13.47,0
1871,2.46,3.66,46374,0.0,12.51,9.64,0
1872,2.41,7.28,32645,0.0,10.7,21.8,0
1873,2.45,4.78,34054,650.9,14.97,11.82,0
1874,2.75,11.02,16925,787.1,16.93,52.37,1
1875,3.15,4.36,58028,0.0,3.64,14.18,0
1876,2.56,5.3,35545,0.0,8.27,12.82,0
1877,2.72,6.03,23153,0.0,13.03,35.05,1
1878,2.73,7.84,25452,0.0,12.21,29.38,1
1879,2.61,3.85,33253,0.0,10.59,15.74,0
1880,2.71,6.87,24887,0.0,12.89,32.4,1
1881,2.45,1.9,35550,0.0,10.94,7.34,0
1882,2.92,3.05,41129,0.0,11.61,16.76,0
1883,2.5,6.32,27555,837.3,14.37,16.09,1
1884,2.4,2.57,44688,0.0,11.7,9.11,0
1885,2.71,6.78,38180,0.0,8.98,23.28,0
1886,2.5,9.44,18551,0.0,10.29,14.28,0
1887,3.42,4.49,46988,0.0,9.45,22.53,1
1888,2.68,6.91,25369,0.0,12.78,30.1,1
1889,2.54,4.43,37644,0.0,10.83,22.74,0
1890,2.96,1.32,71996,0.0,6.28,2.09,0
1891,2.64,3.11,50475,0.0,8.44,14.32,0
1892,2.79,2.33,79797,0.0,7.15,4.79,0
1893,2.0,5.79,21397,0.0,14.08,27.71,1
1894,2.48,7.32,25532,0.0,11.89,32.44,0
1895,2.3,7.63,21552,0.0,18.69,19.98,1
1896,3.07,8.65,38463,433.0,12.79,28.56,1
1897,2.54,4.13,25053,0.0,11.79,28.14,1
1898,2.79,4.36,43500,0.0,7.83,7.93,1
1899,2.66,7.97,26336,0.0,13.11,24.65,1
1900,2.81,4.6,38789,0.0,10.98,16.88,1
1901,2.86,3.52,40633,0.0,8.88,14.33,0
1902,2.32,16.36,16751,0.0,14.18,43.93,0
1903,2.91,3.85,67833,0.0,6.0,10.31,0
1904,4.94,7.83,42477,0.0,2.9,2.64,0
1905,2.86,4.41,41372,0.0,5.92,15.31,0
1906,2.76,3.79,47643,0.0,7.85,21.56,0
1907,2.34,4.62,27698,0.0,9.7,18.96,0
1908,3.13,3.34,51984,0.0,9.01,7.74,0
1909,3.15,5.3,50471,0.0,10.57,21.37,1
1910,2.23,4.83,27366,0.0,12.8,17.43,0
1911,2.43,3.96,46403,579.9,13.13,12.91,0
1912,2.42,7.05,21766,614.3,14.96,28.38,1
1913,2.63,3.98,56468,0.0,7.91,10.36,0
1914,2.26,4.4,39037,476.7,13.38,9.18,0
1915,3.0,3.62,54935,0.0,5.42,14.61,0
1916,2.7,6.24,31544,394.0,11.95,21.7,0
1917,2.7,2.43,51679,0.0,8.77,12.19,0
1918,3.07,3.1,46875,0.0,7.0,12.2,0
1919,3.24,13.78,17394,0.0,8.78,47.24,0
1920,2.82,4.63,33524,0.0,10.16,12.8,0
1921,3.31,5.83,23415,0.0,6.59,11.25,0
1922,2.41,5.38,25790,0.0,13.73,25.61,0
1923,2.2,3.63,33385,0.0,16.22,10.76,1
1924,2.92,10.05,14816,0.0,6.76,32.16,0
1925,3.04,5.24,38108,0.0,9.08,18.02,1
1926,3.06,4.61,60830,0.0,7.09,11.43,0
1927,2.87,7.35,24244,0.0,10.88,29.57,1
1928,2.88,7.58,28642,0.0,13.15,37.09,1
1929,2.71,5.31,36097,0.0,13.42,12.46,1
1930,3.04,3.57,51524,0.0,7.39,9.84,0
1931,2.48,4.92,30007,0.0,17.29,18.02,0
1932,2.63,3.72,36006,0.0,12.61,15.27,0
1933,2.56,7.94,21932,0.0,16.49,22.27,0
1934,2.87,5.26,25953,0.0,10.14,26.71,0
1935,2.84,5.9,38717,0.0,9.85,24.96,0
1936,2.84,5.14,53761,0.0,8.13,13.56,0
1937,2.55,5.68,30005,0.0,11.86,25.96,0
1938,2.39,5.41,19894,0.0,15.11,30.14,1
1939,2.53,5.51,32295,363.1,12.02,17.99,1
1940,2.46,7.22,23578,321.7,11.6,22.09,1
1941,2.79,6.93,16961,0.0,8.25,24.76,0
1942,2.38,6.39,25893,0.0,13.75,20.82,1
1943,2.63,4.63,36901,0.0,8.62,10.81,0
1944,3.3,10.99,27980,0.0,10.25,46.41,1
1945,2.58,5.06,26826,0.0,9.53,21.78,0
1946,2.84,3.49,68654,0.0,6.49,7.46,0
1947,2.82,2.69,68742,0.0,5.78,8.76,0
1948,2.61,4.72,47853,0.0,9.49,18.6,0
1949,2.51,14.82,13863,0.0,14.12,38.45,1
1950,2.87,4.38,35856,0.0,11.48,7.89,0
1951,2.54,6.73,28539,0.0,13.53,12.38,0
1952,2.92,11.03,31769,0.0,10.97,36.55,1
1953,2.93,5.98,14481,0.0,3.81,6.23,0
1954,2.83,5.03,58559,0.0,4.61,7.55,0
1955,2.68,3.91,53768,0.0,7.61,10.92,0
1956,3.58,5.41,24553,0.0,7.68,9.36,0
1957,2.59,7.4,26111,0.0,9.78,30.94,0
1958,2.69,4.02,34235,0.0,11.73,12.45,0
1959,2.57,4.21,25927,0.0,6.89,25.96,0
1960,2.67,15.73,18956,0.0,17.37,43.45,0
1961,2.68,5.01,27027,0.0,7.63,21.58,0
1962,2.67,5.7,42679,0.0,8.19,13.63,0
1963,3.07,10.04,30876,0.0,12.08,32.86,1
1964,2.88,8.27,25773,545.0,13.22,29.13,1
1965,2.84,1.55,118456,0.0,4.9,1.46,0
1966,2.58,4.4,44167,0.0,8.64,18.15,0
1967,2.69,3.86,40926,0.0,12.51,13.63,0
1968,2.55,7.34,34844,0.0,9.05,24.37,0
1969,2.19,4.64,32018,0.0,11.68,13.72,0
1970,2.39,4.85,33410,0.0,8.25,23.81,0
1971,2.69,5.6,31289,0.0,12.5,17.45,0
1972,2.66,6.59,21077,337.1,10.29,15.16,1
1973,2.52,3.91,41832,366.4,10.27,12.34,0
1974,4.17,8.45,32684,0.0,9.66,49.5,1
1975,2.49,5.01,25291,0.0,15.89,28.27,0
1976,3.0,6.91,34801,72.4,12.41,22.23,1
1977,2.7,5.21,39902,0.0,9.07,21.84,0
1978,3.12,5.5,35460,0.0,11.38,23.51,0
1979,2.66,3.97,44970,0.0,8.07,17.56,0
1980,2.67,4.26,24604,0.0,10.56,26.2,0
1981,2.72,9.32,24123,0.0,12.9,32.49,0
1982,2.51,8.76,22591,0.0,14.12,30.3,1
1983,2.97,6.95,41806,0.0,8.98,25.13,0
1984,2.64,8.59,26361,319.1,13.27,50.1,1
1985,2.55,7.33,24354,718.2,13.7,20.87,1
1986,2.61,5.05,38248,0.0,7.63,32.3,0
1987,2.66,4.77,39690,0.0,8.48,18.67,0
1988,2.61,3.47,29978,0.0,11.6,23.7,0
1989,2.56,5.91,27022,0.0,14.5,18.19,0
1990,2.53,3.0,27123,362.1,10.68,16.75,0
1991,2.42,9.06,20066,0.0,14.23,38.0,0
1992,2.92,4.23,35737,468.6,10.87,22.89,0
1993,2.52,5.27,25035,0.0,13.51,31.81,1
1994,2.63,7.64,24579,0.0,12.23,18.01,0
1995,2.52,2.38,48125,0.0,11.23,14.72,0
1996,4.29,3.28,23815,0.0,7.01,13.48,1
1997,2.54,5.98,32655,0.0,10.09,19.37,0
1998,2.72,4.43,42240,0.0,3.77,21.79,0
1999,2.26,7.34,23584,632.9,13.72,22.75,1
2000,3.04,3.62,95134,0.0,4.98,3.42,0
2001,2.7,7.56,28745,0.0,11.49,22.88,0
2002,2.81,4.32,28975,0.0,11.94,20.57,0
2003,2.61,6.23,31689,0.0,8.79,27.82,0
2004,2.71,2.84,33502,0.0,11.03,17.79,1
2005,2.54,12.38,16769,0.0,13.49,31.12,1
2006,2.95,5.44,52707,0.0,6.57,13.22,0
2007,3.12,5.72,41364,0.0,10.69,24.87,0
2008,2.62,5.61,20396,0.0,11.04,39.1,1
2009,2.43,3.28,40515,0.0,11.95,9.76,0
2010,2.46,11.56,17631,0.0,11.43,30.84,1
2011,2.69,6.17,24906,0.0,12.85,30.88,1
2012,3.82,5.53,41958,0.0,9.3,25.79,1
2013,3.1,9.22,23394,0.0,10.92,32.03,0
2014,2.68,7.33,24601,724.6,14.52,33.36,1
2015,2.71,4.75,36247,0.0,7.36,33.26,0
2016,1.81,7.32,20841,0.0,11.77,32.08,1
2017,2.55,2.2,35483,0.0,12.19,21.3,1
2018,2.67,7.0,26311,186.8,13.32,24.25,1
2019,2.88,3.32,64403,0.0,6.83,8.77,0
2020,2.28,4.93,31171,0.0,15.02,13.32,0
2021,3.2,6.73,31441,0.0,10.97,39.19,1
2022,2.87,2.54,49394,0.0,5.74,9.69,0
2023,2.9,5.68,16848,0.0,8.25,27.6,0
2024,2.6,4.95,44248,0.0,7.96,12.83,0
2025,2.96,7.85,35138,0.0,6.77,33.14,0
2026,2.75,2.77,91951,0.0,6.62,5.11,0
2027,3.17,7.05,33784,0.0,7.79,15.92,0
2028,2.53,5.58,22894,0.0,12.46,33.81,1
2029,2.78,3.75,34827,0.0,13.28,23.73,0
2030,3.26,10.81,31271,691.4,12.12,37.7,1
2031,2.93,3.57,40221,0.0,9.1,9.5,1
2032,2.52,5.45,36019,0.0,8.11,22.03,0
2033,2.08,3.39,46915,0.0,10.93,3.84,0
2034,2.66,17.82,17736,1013.6,15.25,31.43,0
2035,2.92,6.55,36605,644.2,12.51,19.04,1
2036,2.76,8.12,21049,0.0,10.07,40.64,1
2037,2.96,6.94,38388,0.0,13.73,19.72,1
2038,2.87,10.59,20427,0.0,16.93,39.44,1
2039,2.45,9.34,21557,0.0,15.48,23.86,0
2040,3.49,13.89,16553,0.0,10.11,53.35,1
2041,2.81,5.0,53492,0.0,6.19,9.89,0
2042,2.81,4.29,36132,0.0,4.51,12.54,0
2043,2.38,7.12,22936,385.9,14.41,27.61,1
2044,2.57,8.08,23661,175.2,13.0,22.95,1
2045,2.38,5.12,35959,250.0,13.93,20.32,0
2046,2.49,7.99,23062,0.0,14.11,27.16,1
2047,2.6,11.14,17344,0.0,17.01,39.82,1
2048,1.88,8.9,15312,581.5,16.52,34.51,1
2049,2.75,5.19,41965,0.0,12.23,15.9,1
2050,2.43,7.86,23999,0.0,10.58,29.14,0
2051,2.62,11.45,22079,1209.7,14.75,25.92,1
2052,2.93,7.37,38186,0.0,11.88,22.03,0
2053,2.65,6.71,18784,0.0,9.02,23.16,0
2054,2.45,8.2,34716,0.0,10.6,29.51,1
2055,2.57,6.03,40505,386.9,10.67,17.31,0
2056,2.45,4.52,29184,163.5,12.39,20.79,1
2057,2.52,5.82,16810,0.0,12.45,43.59,1
2058,2.43,6.87,28428,0.0,13.39,20.35,0
2059,3.1,6.88,18592,0.0,4.14,8.25,0
2060,2.5,5.58,29083,978.8,14.63,23.46,1
2061,2.38,9.13,20423,0.0,11.83,33.09,0
2062,2.63,3.28,30870,0.0,6.76,18.08,0
2063,2.83,6.08,32012,0.0,12.74,24.31,1
2064,2.66,4.13,36562,0.0,9.51,17.63,0
2065,2.86,4.14,60054,0.0,7.16,9.47,0
2066,2.86,9.95,28698,0.0,12.88,25.02,1
2067,2.72,3.75,31602,0.0,9.84,14.82,0
2068,2.44,11.82,20754,0.0,17.13,31.25,1
2069,2.72,6.19,34159,0.0,9.29,13.5,0
2070,2.6,2.09,66602,0.0,6.63,7.26,0
2071,2.98,15.88,21201,0.0,13.04,35.31,1
2072,2.54,4.73,49229,0.0,7.79,9.54,0
2073,3.01,6.83,23497,0.0,8.8,35.18,0
2074,2.65,6.58,22902,0.0,11.04,27.12,0
2075,2.53,14.0,17822,577.2,16.49,41.24,1
2076,2.57,9.28,20501,598.8,14.02,26.79,1
2077,2.74,2.93,41049,0.0,10.56,10.47,0
2078,2.56,4.43,44707,803.6,12.87,16.45,0
2079,2.68,5.91,24535,0.0,8.24,15.1,0
2080,4.1,8.52,35162,2156.5,9.07,50.28,1
2081,2.46,3.19,28826,0.0,10.42,20.98,0
2082,2.87,3.34,34544,0.0,6.76,14.58,0
2083,2.96,4.59,61692,0.0,5.14,6.31,0
2084,2.97,4.34,44270,0.0,10.13,12.43,1
2085,2.6,5.72,23810,0.0,12.22,29.49,0
2086,2.36,4.01,29622,361.5,10.69,20.84,0
2087,2.51,4.2,31231,0.0,15.1,17.7,1
2088,2.6,5.06,24353,0.0,10.69,30.0,0
2089,2.45,4.86,31540,350.4,9.75,20.84,0
2090,2.76,5.99,31665,445.0,13.25,17.42,1
2091,2.4,4.21,27212,0.0,14.36,27.89,1
2092,2.65,7.65,24986,0.0,13.63,26.06,1
2093,2.81,9.13,28289,0.0,14.45,24.83,1
2094,2.86,4.59,37900,0.0,10.34,15.94,0
2095,2.7,3.85,45787,444.1,11.77,10.15,0
2096,3.06,9.11,24686,0.0,12.54,39.19,1
2097,2.9,3.86,36271,1416.9,10.69,12.03,0
2098,2.62,5.57,29722,0.0,13.87,19.26,0
2099,2.89,4.33,35374,0.0,12.0,17.39,0
2100,2.66,6.64,29291,739.4,14.74,21.28,1
2101,2.44,4.6,21754,0.0,15.19,42.61,1
2102,2.73,3.73,41325,0.0,8.3,25.33,0
2103,2.91,2.68,62548,0.0,5.74,13.03,0
2104,2.27,5.8,28873,0.0,15.09,24.44,0
2105,2.94,2.52,123625,0.0,4.2,3.94,0
2106,4.03,12.78,23595,0.0,8.99,69.4,1
2107,2.67,6.6,26498,0.0,13.67,36.09,1
2108,2.59,5.73,44600,0.0,6.99,18.46,0
2109,2.6,6.84,18107,0.0,11.56,31.03,0
2110,2.53,6.21,32733,0.0,13.51,15.5,0
2111,2.56,4.5,36935,0.0,10.77,12.19,0
2112,2.54,9.92,22189,0.0,14.25,29.06,1
2113,2.51,7.84,25735,0.0,14.53,28.57,0
2114,2.32,3.55,48647,0.0,6.99,15.47,0
2115,2.42,4.32,27023,0.0,12.46,19.49,0
2116,2.83,3.16,54432,355.8,6.68,12.48,0
2117,2.64,8.8,32315,0.0,10.31,33.25,1
2118,3.84,4.35,31262,0.0,5.85,10.02,0
2119,2.63,2.81,53614,0.0,8.23,2.52,0
2120,2.59,4.48,23296,0.0,13.18,26.9,0
2121,2.43,5.95,30469,0.0,11.22,20.63,0
2122,2.85,6.12,39572,0.0,12.74,18.58,1
2123,2.98,4.78,51242,0.0,6.53,11.27,0
2124,2.9,5.07,40330,0.0,6.35,15.98,0
2125,2.28,5.77,26803,560.4,15.55,20.56,1
2126,2.8,7.67,37775,0.0,8.08,17.16,0
2127,2.83,8.62,32033,0.0,14.3,13.78,1
2128,2.39,8.72,25040,0.0,8.64,35.53,0
2129,2.49,3.7,40290,0.0,10.89,16.38,0
2130,2.49,6.22,22102,441.2,17.43,31.65,1
2131,2.44,4.19,33214,0.0,8.6,26.36,0
2132,2.43,3.37,53333,0.0,9.15,4.38,0
2133,2.49,6.61,22746,0.0,11.6,24.18,1
2134,2.88,3.51,52970,0.0,10.59,12.06,1
2135,2.72,9.2,24200,951.2,12.56,18.47,1
2136,2.68,2.03,47026,0.0,7.1,16.07,0
2137,2.64,5.43,38792,0.0,11.67,15.78,0
2138,2.42,5.66,31507,0.0,10.48,16.87,0
2139,2.59,8.23,23986,0.0,8.7,26.92,0
2140,2.79,2.8,39139,0.0,9.88,12.68,0
2141,2.48,2.43,37058,0.0,8.47,19.81,0
2142,3.0,3.39,59633,0.0,5.33,11.64,0
2143,2.61,2.21,42686,0.0,9.07,4.24,0
2144,2.71,5.76,37911,0.0,11.34,21.98,1
2145,2.51,6.58,23053,313.8,12.44,28.92,0
2146,2.66,6.34,37987,0.0,12.94,22.42,0
2147,2.75,2.0,52780,0.0,7.12,11.77,0
2148,2.46,8.14,21339,0.0,11.91,21.68,0
2149,2.75,3.88,50240,320.9,10.47,6.66,0
2150,2.58,7.2,24402,0.0,17.19,23.71,0
2151,2.44,3.94,51128,0.0,10.31,7.37,0
2152,2.63,7.54,32337,0.0,11.04,30.6,0
2153,2.77,7.72,22098,0.0,11.06,24.61,0
2154,3.69,13.67,18404,0.0,9.28,51.22,1
2155,2.8,5.41,45687,0.0,6.87,15.97,0
2156,2.18,4.88,29353,589.5,14.32,13.57,1
2157,2.53,5.25,38261,0.0,9.84,24.97,0
2158,2.75,1.67,71274,0.0,5.59,4.88,0
2159,2.64,5.59,25045,549.4,10.96,22.1,1
2160,3.09,7.25,42614,0.0,7.89,16.79,0
2161,3.1,5.13,52882,0.0,7.69,8.76,0
2162,2.84,7.38,28729,288.5,14.4,30.24,1
2163,3.75,7.57,24716,0.0,4.22,3.38,0
2164,2.92,4.55,48203,0.0,7.26,13.67,0
2165,2.41,4.53,31613,0.0,8.36,18.05,0
2166,3.09,3.54,53693,0.0,7.5,6.43,0
2167,2.45,7.2,35808,0.0,9.63,28.15,0
2168,2.49,3.13,37302,0.0,10.72,12.08,0
2169,2.76,11.22,19413,0.0,12.48,27.47,1
2170,2.51,6.31,28727,0.0,12.85,29.94,0
2171,2.62,2.24,64806,0.0,9.08,4.1,0
2172,2.53,9.18,17206,0.0,13.67,37.31,1
2173,2.52,6.7,16749,0.0,7.7,20.46,1
2174,2.83,3.27,46197,0.0,8.91,11.0,0
2175,3.18,6.12,52189,0.0,5.69,16.39,0
2176,2.48,2.65,32994,0.0,12.76,17.31,0
2177,2.96,3.42,50268,0.0,11.3,14.84,1
2178,3.01,5.63,17829,0.0,6.03,16.7,0
2179,2.64,12.1,29961,0.0,13.02,27.32,0
2180,3.02,7.5,17161,0.0,6.94,30.65,0
2181,2.68,11.23,17811,0.0,12.09,44.05,1
2182,2.63,5.98,32534,0.0,12.75,15.48,0
2183,2.83,3.27,56713,0.0,7.22,10.62,0
2184,2.48,9.28,15508,0.0,12.84,45.68,1
2185,2.55,6.9,21063,254.5,13.47,32.56,1
2186,2.19,4.13,37315,0.0,13.7,13.82,1
2187,2.4,3.76,31848,0.0,11.62,25.93,0
2188,2.55,3.58,62288,0.0,7.35,5.24,0
2189,3.17,4.37,56098,0.0,8.44,9.73,0
2190,3.04,2.25,75905,0.0,4.23,9.95,0
2191,2.69,7.85,33961,0.0,8.23,25.66,0
2192,2.91,4.72,56598,0.0,7.68,12.63,0
2193,3.53,12.69,18956,0.0,10.12,43.81,0
2194,2.92,4.09,33125,128.5,11.96,18.34,0
2195,3.02,4.9,33554,0.0,13.28,21.12,0
2196,2.64,6.93,19568,419.2,10.68,27.92,1
2197,2.5,2.92,42911,0.0,9.9,7.58,0
2198,2.77,4.66,34450,0.0,8.59,34.16,0
2199,3.03,4.49,52734,0.0,7.13,14.92,0
2200,2.49,9.93,22452,550.8,10.52,53.3,1
2201,2.71,4.51,37594,0.0,12.26,23.18,0
2202,2.97,8.17,27126,0.0,12.2,29.5,0
2203,2.96,7.5,34552,0.0,14.6,30.65,1
2204,2.67,5.61,32849,0.0,12.8,16.83,0
2205,2.6,5.21,25208,0.0,12.28,29.25,0
2206,2.42,7.18,23393,0.0,11.09,27.29,0
2207,2.54,5.45,35723,365.9,10.93,25.52,0
2208,2.56,5.88,22407,0.0,9.2,23.6,0
2209,2.57,4.13,37664,0.0,8.98,27.73,0
2210,3.07,9.99,24727,0.0,13.34,30.87,1
2211,2.68,7.9,20321,0.0,13.77,27.71,0
2212,2.46,5.18,27182,0.0,11.23,26.14,0
2213,2.89,12.12,19899,0.0,12.48,39.63,1
2214,2.61,9.27,23287,0.0,17.31,33.68,1
